Workbook

Sheet Type
A1: Type | B1: Type #
A2: Category | B2: 14
A3: Class | B3: 8
A4: Collection | B4: 15
A5: Epic | B5: 10
A6: Event | B6: 12
A7: Explorer | B7: 3
A8: Hobby | B8: 16
A9: Lore | B9: 6
A10: Meta | B10: 2
A11: Quest | B11: 5
A12: Race | B12: 9
A13: Reputation | B13: 7
... A17: Vocation | B17: 13

Sheet Faction
A1: Faction | B1: Faction #
A2: Algraig, Men of Enedwaith | B2: 18
A3: Armoury District | B3: 39
A4: Bank District | B4: 40
A5: Builders' Fellowship | B5: 54
A6: Burgsmen's Fellowship | B6: 52
A7: Chicken Chasing League of Eriador | B7: 7
A8: Conquest of Gorgoroth | B8: 60
A9: Council of the North | B9: 12
A10: Defenders of Minas Tirith | B10: 51
A11: Docks District | B11: 41
A12: Dol Amroth | B12: 36
A13: Dol Amroth City Watch | B13: 37
... A77: Wilderfolk | B77: 72

Sheet Class
A1: Beorning | B1: 214
A2: Burglar | B2: 40
A3: Champion | B3: 172
A4: Guardian | B4: 23
A5: Hunter | B5: 162
A6: Lore Master | B6: 185
A7: Minstrel | B7: 31
A8: Rune-keeper | B8: 193
A9: Warden | B9: 194
A12: Max Length: | B12: 3

Sheet Race
A1: Beorning | B1: 114
A2: Dwarf | B2: 73
A3: Elf | B3: 65
A4: High Elf | B4: 117
A5: Hobbit | B5: 81
A6: Man | B6: 23
A7: Undefined | B7: 0

Sheet Vocation
A1: Armorer | B1: 7
A2: Armsman | B2: 5
A3: Explorer | B3: 1
A4: Historian | B4: 4
A5: None | B5: 0
A6: Tinker | B6: 2
A7: Woodsman | B7: 6
A8: Yeoman | B8: 3
A12: Max Length: | B12: 3

Sheet Fishing
A1: ID | B1: Save Index | C1: Name | D1: TYPE | E1: VXP | F1: Title | G1: LP | H1: REP | I1: FACTION | J1: SUMMARY | K1: DESC | L1: TIER | M1: Category ID | N1: Output parts | O1: Minimal | P1: Complete | Q1: QuestNumber | R1: Index | S1: ID | T1: ID (short) | U1: Category ID | V1: Save Index | W1: TYPE_INT | X1: Type | Y1: VXP_NUM | Z1: VXP | AA1: LP_NUM | AB1: LP | AC1: REP_NUM | AD1: REP | AE1: FACTION_INT | AF1: FACTION | AG1: TIER | AH1: NAME | AI1: LORE | AJ1: SUMMARY | AK1: TITLE | AL1: End
A2: 1879115029 | B2: 1 | C2: Darter-master | D2: Reputation | F2: Darter-master | I2: None | J2: Catch all 9 Darter varieties | K2: Catching all nine darters is no easy task! | L2: 0 | O2: =CONCATENATE(R2,T2,U2,AL2," -- ",C2) -> [1] = {["ID"] = 1879115029; }; -- Darter-master | P2: =CONCATENATE(R2,S2,V2,X2,Z2,AB2,AD2,AF2,AG2,AH2,AI2,AJ2,AK2,AL2) -> [1] = {["ID"] = 1879115029; ["SAVE_INDEX"] = 1; ["TYPE"] = 7; ["VXP"] = 0; ["LP"] = 0; ["REP"] = 0; ["FACTION"] = 1; ["TIER"] = 0; ["NAME"] = { ["EN"] = "Darter-master"; }; ["LORE"] = { ["EN"] = "Catching all nine darters is no easy task!"; }; ["SUMMARY"] = { ["EN"] = "Catch all 9 Darter varieties"; }; ["TITLE"] = { ["EN"] = "Darter-master"; }; }; | Q2: =ROW()-1 -> 1 | R2: =CONCATENATE(REPT(" ",3-LEN(Q2)),"[",Q2,"] = {") -> [1] = { | S2: =IF(LEN(A2)>0,CONCATENATE("[""ID""] = ",A2,"; ")," ") -> ["ID"] = 1879115029; | T2: =IF(LEN(A2)>0,CONCATENATE("[""ID""] = ",A2,"; "),"") -> ["ID"] = 1879115029; | U2: =IF(LEN(M2)>0,CONCATENATE("[""CAT_ID""] = ",M2,"; "),"") | V2: =IF(LEN(B2)>0,CONCATENATE("[""SAVE_INDEX""] = ",REPT(" ",1-LEN(B2)),B2,"; "),"") -> ["SAVE_INDEX"] = 1; | W2: =VLOOKUP(D2,Type!A$2:B$17,2,FALSE) -> 7 | X2: =CONCATENATE("[""TYPE""] = ",REPT(" ",2-LEN(W2)),W2,"; ") -> ["TYPE"] = 7; | Y2: =TEXT(E2,0) -> 0 | Z2: =CONCATENATE("[""VXP""] = ",REPT(" ",1-LEN(Y2)),TEXT(Y2,"0"),"; ") -> ["VXP"] = 0; | AA2: =TEXT(G2,0) -> 0 | AB2: =CONCATENATE("[""LP""] = ",REPT(" ",1-LEN(AA2)),TEXT(AA2,"0"),"; ") -> ["LP"] = 0; | AC2: =TEXT(H2,0) -> 0 | AD2: =CONCATENATE("[""REP""] = ",REPT(" ",1-LEN(AC2)),TEXT(AC2,"0"),"; ") -> ["REP"] = 0; | AE2: =VLOOKUP(I2,Faction!A$2:B$77,2,FALSE) -> 1 | AF2: =CONCATENATE("[""FACTION""] = ",TEXT(AE2,"0"),"; ") -> ["FACTION"] = 1; | AG2: =CONCATENATE("[""TIER""] = ",TEXT(L2,"0"),"; ") -> ["TIER"] = 0; | AH2: =CONCATENATE("[""NAME""] = { [""EN""] = """,C2,"""; }; ") -> ["NAME"] = { ["EN"] = "Darter-master"; }; | AI2: =CONCATENATE("[""LORE""] = { [""EN""] = """,K2,"""; }; ") -> ["LORE"] = { ["EN"] = "Catching all nine darters is no easy task!"; }; | AJ2: =CONCATENATE("[""SUMMARY""] = { [""EN""] = """,J2,"""; }; ") -> ["SUMMARY"] = { ["EN"] = "Catch all 9 Darter varieties"; }; | AK2: =IF(LEN(F2)>0,CONCATENATE("[""TITLE""] = { [""EN""] = """,F2,"""; }; "),"") -> ["TITLE"] = { ["EN"] = "Darter-master"; }; | AL2: =CONCATENATE("};") -> };
A3: 1879206842 | B3: 2 | C3: Fortunate Festival Fishes | D3: Event | F3: Rare Fish | I3: None | J3: Catch 10 of 4 types of fish during summer-festival | K3: You catch many rare and wondrous fish during the Summer Festival. | L3: 0 | O3: =CONCATENATE(R3,T3,U3,AL3," -- ",C3) -> [2] = {["ID"] = 1879206842; }; -- Fortunate Festival Fishes | P3: =CONCATENATE(R3,S3,V3,X3,Z3,AB3,AD3,AF3,AG3,AH3,AI3,AJ3,AK3,AL3) -> [2] = {["ID"] = 1879206842; ["SAVE_INDEX"] = 2; ["TYPE"] = 12; ["VXP"] = 0; ["LP"] = 0; ["REP"] = 0; ["FACTION"] = 1; ["TIER"] = 0; ["NAME"] = { ["EN"] = "Fortunate Festival Fishes"; }; ["LORE"] = { ["EN"] = "You catch many rare and wondrous fish during the Summer Festival."; }; ["SUMMARY"] = { ["EN"] = "Catch 10 of 4 types of fish during summer-festival"; }; ["TITLE"] = { ["EN"] = "Rare Fish"; }; }; | Q3: =ROW()-1 -> 2 | R3: =CONCATENATE(REPT(" ",3-LEN(Q3)),"[",Q3,"] = {") -> [2] = { | S3: =IF(LEN(A3)>0,CONCATENATE("[""ID""] = ",A3,"; ")," ") -> ["ID"] = 1879206842; | T3: =IF(LEN(A3)>0,CONCATENATE("[""ID""] = ",A3,"; "),"") -> ["ID"] = 1879206842; | U3: =IF(LEN(M3)>0,CONCATENATE("[""CAT_ID""] = ",M3,"; "),"") | V3: =IF(LEN(B3)>0,CONCATENATE("[""SAVE_INDEX""] = ",REPT(" ",1-LEN(B3)),B3,"; "),"") -> ["SAVE_INDEX"] = 2; | W3: =VLOOKUP(D3,Type!A$2:B$17,2,FALSE) -> 12 | X3: =CONCATENATE("[""TYPE""] = ",REPT(" ",2-LEN(W3)),W3,"; ") -> ["TYPE"] = 12; | Y3: =TEXT(E3,0) -> 0 | Z3: =CONCATENATE("[""VXP""] = ",REPT(" ",1-LEN(Y3)),TEXT(Y3,"0"),"; ") -> ["VXP"] = 0; | AA3: =TEXT(G3,0) -> 0 | AB3: =CONCATENATE("[""LP""] = ",REPT(" ",1-LEN(AA3)),TEXT(AA3,"0"),"; ") -> ["LP"] = 0; | AC3: =TEXT(H3,0) -> 0 | AD3: =CONCATENATE("[""REP""] = ",REPT(" ",1-LEN(AC3)),TEXT(AC3,"0"),"; ") -> ["REP"] = 0; | AE3: =VLOOKUP(I3,Faction!A$2:B$77,2,FALSE) -> 1 | AF3: =CONCATENATE("[""FACTION""] = ",TEXT(AE3,"0"),"; ") -> ["FACTION"] = 1; | AG3: =CONCATENATE("[""TIER""] = ",TEXT(L3,"0"),"; ") -> ["TIER"] = 0; | AH3: =CONCATENATE("[""NAME""] = { [""EN""] = """,C3,"""; }; ") -> ["NAME"] = { ["EN"] = "Fortunate Festival Fishes"; }; | AI3: =CONCATENATE("[""LORE""] = { [""EN""] = """,K3,"""; }; ") -> ["LORE"] = { ["EN"] = "You catch many rare and wondrous fish during the Summer Festival."; }; | AJ3: =CONCATENATE("[""SUMMARY""] = { [""EN""] = """,J3,"""; }; ") -> ["SUMMARY"] = { ["EN"] = "Catch 10 of 4 types of fish during summer-festival"; }; | AK3: =IF(LEN(F3)>0,CONCATENATE("[""TITLE""] = { [""EN""] = """,F3,"""; }; "),"") -> ["TITLE"] = { ["EN"] = "Rare Fish"; }; | AL3: =CONCATENATE("};") -> };
A4: 1879115020 | B4: 3 | C4: Sturgeon-master | D4: Reputation | F4: Sturgeon-master | I4: None | J4: Catch all 9 Sturgeon varieties | K4: Catching nine types of sturgeon will not be easy! | L4: 0 | O4: =CONCATENATE(R4,T4,U4,AL4," -- ",C4) -> [3] = {["ID"] = 1879115020; }; -- Sturgeon-master | P4: =CONCATENATE(R4,S4,V4,X4,Z4,AB4,AD4,AF4,AG4,AH4,AI4,AJ4,AK4,AL4) -> [3] = {["ID"] = 1879115020; ["SAVE_INDEX"] = 3; ["TYPE"] = 7; ["VXP"] = 0; ["LP"] = 0; ["REP"] = 0; ["FACTION"] = 1; ["TIER"] = 0; ["NAME"] = { ["EN"] = "Sturgeon-master"; }; ["LORE"] = { ["EN"] = "Catching nine types of sturgeon will not be easy!"; }; ["SUMMARY"] = { ["EN"] = "Catch all 9 Sturgeon varieties"; }; ["TITLE"] = { ["EN"] = "Sturgeon-master"; }; }; | Q4: =ROW()-1 -> 3 | R4: =CONCATENATE(REPT(" ",3-LEN(Q4)),"[",Q4,"] = {") -> [3] = { | S4: =IF(LEN(A4)>0,CONCATENATE("[""ID""] = ",A4,"; ")," ") -> ["ID"] = 1879115020; | T4: =IF(LEN(A4)>0,CONCATENATE("[""ID""] = ",A4,"; "),"") -> ["ID"] = 1879115020; | U4: =IF(LEN(M4)>0,CONCATENATE("[""CAT_ID""] = ",M4,"; "),"") | V4: =IF(LEN(B4)>0,CONCATENATE("[""SAVE_INDEX""] = ",REPT(" ",1-LEN(B4)),B4,"; "),"") -> ["SAVE_INDEX"] = 3; | W4: =VLOOKUP(D4,Type!A$2:B$17,2,FALSE) -> 7 | X4: =CONCATENATE("[""TYPE""] = ",REPT(" ",2-LEN(W4)),W4,"; ") -> ["TYPE"] = 7; | Y4: =TEXT(E4,0) -> 0 | Z4: =CONCATENATE("[""VXP""] = ",REPT(" ",1-LEN(Y4)),TEXT(Y4,"0"),"; ") -> ["VXP"] = 0; | AA4: =TEXT(G4,0) -> 0 | AB4: =CONCATENATE("[""LP""] = ",REPT(" ",1-LEN(AA4)),TEXT(AA4,"0"),"; ") -> ["LP"] = 0; | AC4: =TEXT(H4,0) -> 0 | AD4: =CONCATENATE("[""REP""] = ",REPT(" ",1-LEN(AC4)),TEXT(AC4,"0"),"; ") -> ["REP"] = 0; | AE4: =VLOOKUP(I4,Faction!A$2:B$77,2,FALSE) -> 1 | AF4: =CONCATENATE("[""FACTION""] = ",TEXT(AE4,"0"),"; ") -> ["FACTION"] = 1; | AG4: =CONCATENATE("[""TIER""] = ",TEXT(L4,"0"),"; ") -> ["TIER"] = 0; | AH4: =CONCATENATE("[""NAME""] = { [""EN""] = """,C4,"""; }; ") -> ["NAME"] = { ["EN"] = "Sturgeon-master"; }; | AI4: =CONCATENATE("[""LORE""] = { [""EN""] = """,K4,"""; }; ") -> ["LORE"] = { ["EN"] = "Catching nine types of sturgeon will not be easy!"; }; | AJ4: =CONCATENATE("[""SUMMARY""] = { [""EN""] = """,J4,"""; }; ") -> ["SUMMARY"] = { ["EN"] = "Catch all 9 Sturgeon varieties"; }; | AK4: =IF(LEN(F4)>0,CONCATENATE("[""TITLE""] = { [""EN""] = """,F4,"""; }; "),"") -> ["TITLE"] = { ["EN"] = "Sturgeon-master"; }; | AL4: =CONCATENATE("};") -> };
A5: 1879110873 | B5: 4 | C5: The Salmon King | D5: Reputation | F5: the Complete Angler | I5: None | J5: Catch a 50-pound Salmon | K5: Only the most skilled - and lucky - fisher can make a catch of this size! | L5: 0 | O5: =CONCATENATE(R5,T5,U5,AL5," -- ",C5) -> [4] = {["ID"] = 1879110873; }; -- The Salmon King | P5: =CONCATENATE(R5,S5,V5,X5,Z5,AB5,AD5,AF5,AG5,AH5,AI5,AJ5,AK5,AL5) -> [4] = {["ID"] = 1879110873; ["SAVE_INDEX"] = 4; ["TYPE"] = 7; ["VXP"] = 0; ["LP"] = 0; ["REP"] = 0; ["FACTION"] = 1; ["TIER"] = 0; ["NAME"] = { ["EN"] = "The Salmon King"; }; ["LORE"] = { ["EN"] = "Only the most skilled - and lucky - fisher can make a catch of this size!"; }; ["SUMMARY"] = { ["EN"] = "Catch a 50-pound Salmon"; }; ["TITLE"] = { ["EN"] = "the Complete Angler"; }; }; | Q5: =ROW()-1 -> 4 | R5: =CONCATENATE(REPT(" ",3-LEN(Q5)),"[",Q5,"] = {") -> [4] = { | S5: =IF(LEN(A5)>0,CONCATENATE("[""ID""] = ",A5,"; ")," ") -> ["ID"] = 1879110873; | T5: =IF(LEN(A5)>0,CONCATENATE("[""ID""] = ",A5,"; "),"") -> ["ID"] = 1879110873; | U5: =IF(LEN(M5)>0,CONCATENATE("[""CAT_ID""] = ",M5,"; "),"") | V5: =IF(LEN(B5)>0,CONCATENATE("[""SAVE_INDEX""] = ",REPT(" ",1-LEN(B5)),B5,"; "),"") -> ["SAVE_INDEX"] = 4; | W5: =VLOOKUP(D5,Type!A$2:B$17,2,FALSE) -> 7 | X5: =CONCATENATE("[""TYPE""] = ",REPT(" ",2-LEN(W5)),W5,"; ") -> ["TYPE"] = 7; | Y5: =TEXT(E5,0) -> 0 | Z5: =CONCATENATE("[""VXP""] = ",REPT(" ",1-LEN(Y5)),TEXT(Y5,"0"),"; ") -> ["VXP"] = 0; | AA5: =TEXT(G5,0) -> 0 | AB5: =CONCATENATE("[""LP""] = ",REPT(" ",1-LEN(AA5)),TEXT(AA5,"0"),"; ") -> ["LP"] = 0; | AC5: =TEXT(H5,0) -> 0 | AD5: =CONCATENATE("[""REP""] = ",REPT(" ",1-LEN(AC5)),TEXT(AC5,"0"),"; ") -> ["REP"] = 0; | AE5: =VLOOKUP(I5,Faction!A$2:B$77,2,FALSE) -> 1 | AF5: =CONCATENATE("[""FACTION""] = ",TEXT(AE5,"0"),"; ") -> ["FACTION"] = 1; | AG5: =CONCATENATE("[""TIER""] = ",TEXT(L5,"0"),"; ") -> ["TIER"] = 0; | AH5: =CONCATENATE("[""NAME""] = { [""EN""] = """,C5,"""; }; ") -> ["NAME"] = { ["EN"] = "The Salmon King"; }; | AI5: =CONCATENATE("[""LORE""] = { [""EN""] = """,K5,"""; }; ") -> ["LORE"] = { ["EN"] = "Only the most skilled - and lucky - fisher can make a catch of this size!"; }; | AJ5: =CONCATENATE("[""SUMMARY""] = { [""EN""] = """,J5,"""; }; ") -> ["SUMMARY"] = { ["EN"] = "Catch a 50-pound Salmon"; }; | AK5: =IF(LEN(F5)>0,CONCATENATE("[""TITLE""] = { [""EN""] = """,F5,"""; }; "),"") -> ["TITLE"] = { ["EN"] = "the Complete Angler"; }; | AL5: =CONCATENATE("};") -> };
A6: 1879115023 | B6: 5 | C6: Trout-master | D6: Reputation | F6: Trout-master | I6: None | J6: Catch all 9 Trout varieties | K6: Find and catch all nine types of trout! | L6: 0 | O6: =CONCATENATE(R6,T6,U6,AL6," -- ",C6) -> [5] = {["ID"] = 1879115023; }; -- Trout-master | P6: =CONCATENATE(R6,S6,V6,X6,Z6,AB6,AD6,AF6,AG6,AH6,AI6,AJ6,AK6,AL6) -> [5] = {["ID"] = 1879115023; ["SAVE_INDEX"] = 5; ["TYPE"] = 7; ["VXP"] = 0; ["LP"] = 0; ["REP"] = 0; ["FACTION"] = 1; ["TIER"] = 0; ["NAME"] = { ["EN"] = "Trout-master"; }; ["LORE"] = { ["EN"] = "Find and catch all nine types of trout!"; }; ["SUMMARY"] = { ["EN"] = "Catch all 9 Trout varieties"; }; ["TITLE"] = { ["EN"] = "Trout-master"; }; }; | Q6: =ROW()-1 -> 5 | R6: =CONCATENATE(REPT(" ",3-LEN(Q6)),"[",Q6,"] = {") -> [5] = { | S6: =IF(LEN(A6)>0,CONCATENATE("[""ID""] = ",A6,"; ")," ") -> ["ID"] = 1879115023; | T6: =IF(LEN(A6)>0,CONCATENATE("[""ID""] = ",A6,"; "),"") -> ["ID"] = 1879115023; | U6: =IF(LEN(M6)>0,CONCATENATE("[""CAT_ID""] = ",M6,"; "),"") | V6: =IF(LEN(B6)>0,CONCATENATE("[""SAVE_INDEX""] = ",REPT(" ",1-LEN(B6)),B6,"; "),"") -> ["SAVE_INDEX"] = 5; | W6: =VLOOKUP(D6,Type!A$2:B$17,2,FALSE) -> 7 | X6: =CONCATENATE("[""TYPE""] = ",REPT(" ",2-LEN(W6)),W6,"; ") -> ["TYPE"] = 7; | Y6: =TEXT(E6,0) -> 0 | Z6: =CONCATENATE("[""VXP""] = ",REPT(" ",1-LEN(Y6)),TEXT(Y6,"0"),"; ") -> ["VXP"] = 0; | AA6: =TEXT(G6,0) -> 0 | AB6: =CONCATENATE("[""LP""] = ",REPT(" ",1-LEN(AA6)),TEXT(AA6,"0"),"; ") -> ["LP"] = 0; | AC6: =TEXT(H6,0) -> 0 | AD6: =CONCATENATE("[""REP""] = ",REPT(" ",1-LEN(AC6)),TEXT(AC6,"0"),"; ") -> ["REP"] = 0; | AE6: =VLOOKUP(I6,Faction!A$2:B$77,2,FALSE) -> 1 | AF6: =CONCATENATE("[""FACTION""] = ",TEXT(AE6,"0"),"; ") -> ["FACTION"] = 1; | AG6: =CONCATENATE("[""TIER""] = ",TEXT(L6,"0"),"; ") -> ["TIER"] = 0; | AH6: =CONCATENATE("[""NAME""] = { [""EN""] = """,C6,"""; }; ") -> ["NAME"] = { ["EN"] = "Trout-master"; }; | AI6: =CONCATENATE("[""LORE""] = { [""EN""] = """,K6,"""; }; ") -> ["LORE"] = { ["EN"] = "Find and catch all nine types of trout!"; }; | AJ6: =CONCATENATE("[""SUMMARY""] = { [""EN""] = """,J6,"""; }; ") -> ["SUMMARY"] = { ["EN"] = "Catch all 9 Trout varieties"; }; | AK6: =IF(LEN(F6)>0,CONCATENATE("[""TITLE""] = { [""EN""] = """,F6,"""; }; "),"") -> ["TITLE"] = { ["EN"] = "Trout-master"; }; | AL6: =CONCATENATE("};") -> };
A7: 1879364959 | B7: 6 | C7: Lake-master | D7: Reputation | F7: Lake-master | I7: None | J7: Catch all 20 fish varieties in Lake-town | K7: Find and catch all twenty types of eastern, freshwater fish! | L7: 0 | O7: =CONCATENATE(R7,T7,U7,AL7," -- ",C7) -> [6] = {["ID"] = 1879364959; }; -- Lake-master | P7: =CONCATENATE(R7,S7,V7,X7,Z7,AB7,AD7,AF7,AG7,AH7,AI7,AJ7,AK7,AL7) -> [6] = {["ID"] = 1879364959; ["SAVE_INDEX"] = 6; ["TYPE"] = 7; ["VXP"] = 0; ["LP"] = 0; ["REP"] = 0; ["FACTION"] = 1; ["TIER"] = 0; ["NAME"] = { ["EN"] = "Lake-master"; }; ["LORE"] = { ["EN"] = "Find and catch all twenty types of eastern, freshwater fish!"; }; ["SUMMARY"] = { ["EN"] = "Catch all 20 fish varieties in Lake-town"; }; ["TITLE"] = { ["EN"] = "Lake-master"; }; }; | Q7: =ROW()-1 -> 6 | R7: =CONCATENATE(REPT(" ",3-LEN(Q7)),"[",Q7,"] = {") -> [6] = { | S7: =IF(LEN(A7)>0,CONCATENATE("[""ID""] = ",A7,"; ")," ") -> ["ID"] = 1879364959; | T7: =IF(LEN(A7)>0,CONCATENATE("[""ID""] = ",A7,"; "),"") -> ["ID"] = 1879364959; | U7: =IF(LEN(M7)>0,CONCATENATE("[""CAT_ID""] = ",M7,"; "),"") | V7: =IF(LEN(B7)>0,CONCATENATE("[""SAVE_INDEX""] = ",REPT(" ",1-LEN(B7)),B7,"; "),"") -> ["SAVE_INDEX"] = 6; | W7: =VLOOKUP(D7,Type!A$2:B$17,2,FALSE) -> 7 | X7: =CONCATENATE("[""TYPE""] = ",REPT(" ",2-LEN(W7)),W7,"; ") -> ["TYPE"] = 7; | Y7: =TEXT(E7,0) -> 0 | Z7: =CONCATENATE("[""VXP""] = ",REPT(" ",1-LEN(Y7)),TEXT(Y7,"0"),"; ") -> ["VXP"] = 0; | AA7: =TEXT(G7,0) -> 0 | AB7: =CONCATENATE("[""LP""] = ",REPT(" ",1-LEN(AA7)),TEXT(AA7,"0"),"; ") -> ["LP"] = 0; | AC7: =TEXT(H7,0) -> 0 | AD7: =CONCATENATE("[""REP""] = ",REPT(" ",1-LEN(AC7)),TEXT(AC7,"0"),"; ") -> ["REP"] = 0; | AE7: =VLOOKUP(I7,Faction!A$2:B$77,2,FALSE) -> 1 | AF7: =CONCATENATE("[""FACTION""] = ",TEXT(AE7,"0"),"; ") -> ["FACTION"] = 1; | AG7: =CONCATENATE("[""TIER""] = ",TEXT(L7,"0"),"; ") -> ["TIER"] = 0; | AH7: =CONCATENATE("[""NAME""] = { [""EN""] = """,C7,"""; }; ") -> ["NAME"] = { ["EN"] = "Lake-master"; }; | AI7: =CONCATENATE("[""LORE""] = { [""EN""] = """,K7,"""; }; ") -> ["LORE"] = { ["EN"] = "Find and catch all twenty types of eastern, freshwater fish!"; }; | AJ7: =CONCATENATE("[""SUMMARY""] = { [""EN""] = """,J7,"""; }; ") -> ["SUMMARY"] = { ["EN"] = "Catch all 20 fish varieties in Lake-town"; }; | AK7: =IF(LEN(F7)>0,CONCATENATE("[""TITLE""] = { [""EN""] = """,F7,"""; }; "),"") -> ["TITLE"] = { ["EN"] = "Lake-master"; }; | AL7: =CONCATENATE("};") -> };

Sheet Birding
A1: ID | B1: Save Index | C1: Name | D1: TYPE | E1: VXP | F1: Title | G1: LP | H1: REP | I1: FACTION | J1: SUMMARY | K1: DESC | L1: TIER | M1: Category ID | N1: Output parts | O1: Tier code | P1: Minimal | Q1: Complete | R1: QuestNumber | S1: Index | T1: ID | U1: ID (short) | V1: Category ID | W1: Save Index | X1: TYPE_INT | Y1: Type | Z1: VXP_NUM | AA1: VXP | AB1: LP_NUM | AC1: LP | AD1: REP_NUM | AE1: REP | AF1: FACTION_INT | AG1: FACTION | AH1: TIER | AI1: NAME | AJ1: LORE | AK1: SUMMARY | AL1: TITLE | AM1: End
C2: Eriador | D2: Category | M2: 320 | O2: =IF(AND(A2>0,L2>0),CONCATENATE("[",A2,"] = ",L2,", // ",C2),"") | P2: =CONCATENATE(S2,U2,V2,AH2,AM2," -- ",C2) -> [1] = {["CAT_ID"] = 320; }; -- Eriador | Q2: =CONCATENATE(S2,T2,W2,Y2,AA2,AC2,AE2,AG2,AH2,AI2,AJ2,AK2,AL2,AM2) -> #N/A | R2: =ROW()-1 -> 1 | S2: =CONCATENATE(REPT(" ",3-LEN(R2)),"[",R2,"] = {") -> [1] = { | T2: =IF(LEN(A2)>0,CONCATENATE("[""ID""] = ",A2,"; ")," ") | U2: =IF(LEN(A2)>0,CONCATENATE("[""ID""] = ",A2,"; "),"") | V2: =IF(LEN(M2)>0,CONCATENATE("[""CAT_ID""] = ",M2,"; "),"") -> ["CAT_ID"] = 320; | W2: =IF(LEN(B2)>0,CONCATENATE("[""SAVE_INDEX""] = ",REPT(" ",1-LEN(B2)),B2,"; "),"") | X2: =VLOOKUP(D2,Type!A$2:B$17,2,FALSE) -> 14 | Y2: =CONCATENATE("[""TYPE""] = ",REPT(" ",2-LEN(X2)),X2,"; ") -> ["TYPE"] = 14; | Z2: =TEXT(E2,0) -> 0 | AA2: =CONCATENATE("[""VXP""] = ",REPT(" ",1-LEN(Z2)),TEXT(Z2,"0"),"; ") -> ["VXP"] = 0; | AB2: =TEXT(G2,0) -> 0 | AC2: =CONCATENATE("[""LP""] = ",REPT(" ",1-LEN(AB2)),TEXT(AB2,"0"),"; ") -> ["LP"] = 0; | AD2: =TEXT(H2,0) -> 0 | AE2: =CONCATENATE("[""REP""] = ",REPT(" ",1-LEN(AD2)),TEXT(AD2,"0"),"; ") -> ["REP"] = 0; | AF2: =VLOOKUP(I2,Faction!A$2:B$77,2,FALSE) -> #N/A | AG2: =CONCATENATE("[""FACTION""] = ",TEXT(AF2,"0"),"; ") -> #N/A | AH2: =IF(L2>0,CONCATENATE("[""TIER""] = ",TEXT(L2,"0"),"; "),"") | AI2: =CONCATENATE("[""NAME""] = { [""EN""] = """,C2,"""; }; ") -> ["NAME"] = { ["EN"] = "Eriador"; }; | AJ2: =CONCATENATE("[""LORE""] = { [""EN""] = """,K2,"""; }; ") -> ["LORE"] = { ["EN"] = ""; }; | AK2: =CONCATENATE("[""SUMMARY""] = { [""EN""] = """,J2,"""; }; ") -> ["SUMMARY"] = { ["EN"] = ""; }; | AL2: =IF(LEN(F2)>0,CONCATENATE("[""TITLE""] = { [""EN""] = """,F2,"""; }; "),"") | AM2: =CONCATENATE("};") -> };
A3: 1879490678 | C3: All the Birds of Bree-land | I3: None | L3: 0 | O3: =IF(AND(A3>0,L3>0),CONCATENATE("[",A3,"] = ",L3,", // ",C3),"") | P3: =CONCATENATE(S3,U3,V3,AH3,AM3," -- ",C3) -> [2] = {["ID"] = 1879490678; }; -- All the Birds of Bree-land | Q3: =CONCATENATE(S3,T3,W3,Y3,AA3,AC3,AE3,AG3,AH3,AI3,AJ3,AK3,AL3,AM3) -> #N/A | R3: =ROW()-1 -> 2 | S3: =CONCATENATE(REPT(" ",3-LEN(R3)),"[",R3,"] = {") -> [2] = { | T3: =IF(LEN(A3)>0,CONCATENATE("[""ID""] = ",A3,"; ")," ") -> ["ID"] = 1879490678; | U3: =IF(LEN(A3)>0,CONCATENATE("[""ID""] = ",A3,"; "),"") -> ["ID"] = 1879490678; | V3: =IF(LEN(M3)>0,CONCATENATE("[""CAT_ID""] = ",M3,"; "),"") | W3: =IF(LEN(B3)>0,CONCATENATE("[""SAVE_INDEX""] = ",REPT(" ",1-LEN(B3)),B3,"; "),"") | X3: =VLOOKUP(D3,Type!A$2:B$17,2,FALSE) -> #N/A | Y3: =CONCATENATE("[""TYPE""] = ",REPT(" ",2-LEN(X3)),X3,"; ") -> #N/A | Z3: =TEXT(E3,0) -> 0 | AA3: =CONCATENATE("[""VXP""] = ",REPT(" ",1-LEN(Z3)),TEXT(Z3,"0"),"; ") -> ["VXP"] = 0; | AB3: =TEXT(G3,0) -> 0 | AC3: =CONCATENATE("[""LP""] = ",REPT(" ",1-LEN(AB3)),TEXT(AB3,"0"),"; ") -> ["LP"] = 0; | AD3: =TEXT(H3,0) -> 0 | AE3: =CONCATENATE("[""REP""] = ",REPT(" ",1-LEN(AD3)),TEXT(AD3,"0"),"; ") -> ["REP"] = 0; | AF3: =VLOOKUP(I3,Faction!A$2:B$77,2,FALSE) -> 1 | AG3: =CONCATENATE("[""FACTION""] = ",TEXT(AF3,"0"),"; ") -> ["FACTION"] = 1; | AH3: =IF(L3>0,CONCATENATE("[""TIER""] = ",TEXT(L3,"0"),"; "),"") | AI3: =CONCATENATE("[""NAME""] = { [""EN""] = """,C3,"""; }; ") -> ["NAME"] = { ["EN"] = "All the Birds of Bree-land"; }; | AJ3: =CONCATENATE("[""LORE""] = { [""EN""] = """,K3,"""; }; ") -> ["LORE"] = { ["EN"] = ""; }; | AK3: =CONCATENATE("[""SUMMARY""] = { [""EN""] = """,J3,"""; }; ") -> ["SUMMARY"] = { ["EN"] = ""; }; | AL3: =IF(LEN(F3)>0,CONCATENATE("[""TITLE""] = { [""EN""] = """,F3,"""; }; "),"") | AM3: =CONCATENATE("};") -> };
A4: 1879490611 | C4: Birds of Bree-land: Common and Uncommon | I4: None | L4: 1 | O4: =IF(AND(A4>0,L4>0),CONCATENATE("[",A4,"] = ",L4,", // ",C4),"") -> [1879490611] = 1, // Birds of Bree-land: Common and Uncommon | P4: =CONCATENATE(S4,U4,V4,AH4,AM4," -- ",C4) -> [3] = {["ID"] = 1879490611; ["TIER"] = 1; }; -- Birds of Bree-land: Common and Uncommon | Q4: =CONCATENATE(S4,T4,W4,Y4,AA4,AC4,AE4,AG4,AH4,AI4,AJ4,AK4,AL4,AM4) -> #N/A | R4: =ROW()-1 -> 3 | S4: =CONCATENATE(REPT(" ",3-LEN(R4)),"[",R4,"] = {") -> [3] = { | T4: =IF(LEN(A4)>0,CONCATENATE("[""ID""] = ",A4,"; ")," ") -> ["ID"] = 1879490611; | U4: =IF(LEN(A4)>0,CONCATENATE("[""ID""] = ",A4,"; "),"") -> ["ID"] = 1879490611; | V4: =IF(LEN(M4)>0,CONCATENATE("[""CAT_ID""] = ",M4,"; "),"") | W4: =IF(LEN(B4)>0,CONCATENATE("[""SAVE_INDEX""] = ",REPT(" ",1-LEN(B4)),B4,"; "),"") | X4: =VLOOKUP(D4,Type!A$2:B$17,2,FALSE) -> #N/A | Y4: =CONCATENATE("[""TYPE""] = ",REPT(" ",2-LEN(X4)),X4,"; ") -> #N/A | Z4: =TEXT(E4,0) -> 0 | AA4: =CONCATENATE("[""VXP""] = ",REPT(" ",1-LEN(Z4)),TEXT(Z4,"0"),"; ") -> ["VXP"] = 0; | AB4: =TEXT(G4,0) -> 0 | AC4: =CONCATENATE("[""LP""] = ",REPT(" ",1-LEN(AB4)),TEXT(AB4,"0"),"; ") -> ["LP"] = 0; | AD4: =TEXT(H4,0) -> 0 | AE4: =CONCATENATE("[""REP""] = ",REPT(" ",1-LEN(AD4)),TEXT(AD4,"0"),"; ") -> ["REP"] = 0; | AF4: =VLOOKUP(I4,Faction!A$2:B$77,2,FALSE) -> 1 | AG4: =CONCATENATE("[""FACTION""] = ",TEXT(AF4,"0"),"; ") -> ["FACTION"] = 1; | AH4: =IF(L4>0,CONCATENATE("[""TIER""] = ",TEXT(L4,"0"),"; "),"") -> ["TIER"] = 1; | AI4: =CONCATENATE("[""NAME""] = { [""EN""] = """,C4,"""; }; ") -> ["NAME"] = { ["EN"] = "Birds of Bree-land: Common and Uncommon"; }; | AJ4: =CONCATENATE("[""LORE""] = { [""EN""] = """,K4,"""; }; ") -> ["LORE"] = { ["EN"] = ""; }; | AK4: =CONCATENATE("[""SUMMARY""] = { [""EN""] = """,J4,"""; }; ") -> ["SUMMARY"] = { ["EN"] = ""; }; | AL4: =IF(LEN(F4)>0,CONCATENATE("[""TITLE""] = { [""EN""] = """,F4,"""; }; "),"") | AM4: =CONCATENATE("};") -> };
A5: 1879490469 | C5: Birds of Bree-land: Rare | I5: None | L5: 1 | O5: =IF(AND(A5>0,L5>0),CONCATENATE("[",A5,"] = ",L5,", // ",C5),"") -> [1879490469] = 1, // Birds of Bree-land: Rare | P5: =CONCATENATE(S5,U5,V5,AH5,AM5," -- ",C5) -> [4] = {["ID"] = 1879490469; ["TIER"] = 1; }; -- Birds of Bree-land: Rare | Q5: =CONCATENATE(S5,T5,W5,Y5,AA5,AC5,AE5,AG5,AH5,AI5,AJ5,AK5,AL5,AM5) -> #N/A | R5: =ROW()-1 -> 4 | S5: =CONCATENATE(REPT(" ",3-LEN(R5)),"[",R5,"] = {") -> [4] = { | T5: =IF(LEN(A5)>0,CONCATENATE("[""ID""] = ",A5,"; ")," ") -> ["ID"] = 1879490469; | U5: =IF(LEN(A5)>0,CONCATENATE("[""ID""] = ",A5,"; "),"") -> ["ID"] = 1879490469; | V5: =IF(LEN(M5)>0,CONCATENATE("[""CAT_ID""] = ",M5,"; "),"") | W5: =IF(LEN(B5)>0,CONCATENATE("[""SAVE_INDEX""] = ",REPT(" ",1-LEN(B5)),B5,"; "),"") | X5: =VLOOKUP(D5,Type!A$2:B$17,2,FALSE) -> #N/A | Y5: =CONCATENATE("[""TYPE""] = ",REPT(" ",2-LEN(X5)),X5,"; ") -> #N/A | Z5: =TEXT(E5,0) -> 0 | AA5: =CONCATENATE("[""VXP""] = ",REPT(" ",1-LEN(Z5)),TEXT(Z5,"0"),"; ") -> ["VXP"] = 0; | AB5: =TEXT(G5,0) -> 0 | AC5: =CONCATENATE("[""LP""] = ",REPT(" ",1-LEN(AB5)),TEXT(AB5,"0"),"; ") -> ["LP"] = 0; | AD5: =TEXT(H5,0) -> 0 | AE5: =CONCATENATE("[""REP""] = ",REPT(" ",1-LEN(AD5)),TEXT(AD5,"0"),"; ") -> ["REP"] = 0; | AF5: =VLOOKUP(I5,Faction!A$2:B$77,2,FALSE) -> 1 | AG5: =CONCATENATE("[""FACTION""] = ",TEXT(AF5,"0"),"; ") -> ["FACTION"] = 1; | AH5: =IF(L5>0,CONCATENATE("[""TIER""] = ",TEXT(L5,"0"),"; "),"") -> ["TIER"] = 1; | AI5: =CONCATENATE("[""NAME""] = { [""EN""] = """,C5,"""; }; ") -> ["NAME"] = { ["EN"] = "Birds of Bree-land: Rare"; }; | AJ5: =CONCATENATE("[""LORE""] = { [""EN""] = """,K5,"""; }; ") -> ["LORE"] = { ["EN"] = ""; }; | AK5: =CONCATENATE("[""SUMMARY""] = { [""EN""] = """,J5,"""; }; ") -> ["SUMMARY"] = { ["EN"] = ""; }; | AL5: =IF(LEN(F5)>0,CONCATENATE("[""TITLE""] = { [""EN""] = """,F5,"""; }; "),"") | AM5: =CONCATENATE("};") -> };
A6: 1879490610 | C6: The Rarest Bird in Bree-land | I6: None | L6: 1 | O6: =IF(AND(A6>0,L6>0),CONCATENATE("[",A6,"] = ",L6,", // ",C6),"") -> [1879490610] = 1, // The Rarest Bird in Bree-land | P6: =CONCATENATE(S6,U6,V6,AH6,AM6," -- ",C6) -> [5] = {["ID"] = 1879490610; ["TIER"] = 1; }; -- The Rarest Bird in Bree-land | Q6: =CONCATENATE(S6,T6,W6,Y6,AA6,AC6,AE6,AG6,AH6,AI6,AJ6,AK6,AL6,AM6) -> #N/A | R6: =ROW()-1 -> 5 | S6: =CONCATENATE(REPT(" ",3-LEN(R6)),"[",R6,"] = {") -> [5] = { | T6: =IF(LEN(A6)>0,CONCATENATE("[""ID""] = ",A6,"; ")," ") -> ["ID"] = 1879490610; | U6: =IF(LEN(A6)>0,CONCATENATE("[""ID""] = ",A6,"; "),"") -> ["ID"] = 1879490610; | V6: =IF(LEN(M6)>0,CONCATENATE("[""CAT_ID""] = ",M6,"; "),"") | W6: =IF(LEN(B6)>0,CONCATENATE("[""SAVE_INDEX""] = ",REPT(" ",1-LEN(B6)),B6,"; "),"") | X6: =VLOOKUP(D6,Type!A$2:B$17,2,FALSE) -> #N/A | Y6: =CONCATENATE("[""TYPE""] = ",REPT(" ",2-LEN(X6)),X6,"; ") -> #N/A | Z6: =TEXT(E6,0) -> 0 | AA6: =CONCATENATE("[""VXP""] = ",REPT(" ",1-LEN(Z6)),TEXT(Z6,"0"),"; ") -> ["VXP"] = 0; | AB6: =TEXT(G6,0) -> 0 | AC6: =CONCATENATE("[""LP""] = ",REPT(" ",1-LEN(AB6)),TEXT(AB6,"0"),"; ") -> ["LP"] = 0; | AD6: =TEXT(H6,0) -> 0 | AE6: =CONCATENATE("[""REP""] = ",REPT(" ",1-LEN(AD6)),TEXT(AD6,"0"),"; ") -> ["REP"] = 0; | AF6: =VLOOKUP(I6,Faction!A$2:B$77,2,FALSE) -> 1 | AG6: =CONCATENATE("[""FACTION""] = ",TEXT(AF6,"0"),"; ") -> ["FACTION"] = 1; | AH6: =IF(L6>0,CONCATENATE("[""TIER""] = ",TEXT(L6,"0"),"; "),"") -> ["TIER"] = 1; | AI6: =CONCATENATE("[""NAME""] = { [""EN""] = """,C6,"""; }; ") -> ["NAME"] = { ["EN"] = "The Rarest Bird in Bree-land"; }; | AJ6: =CONCATENATE("[""LORE""] = { [""EN""] = """,K6,"""; }; ") -> ["LORE"] = { ["EN"] = ""; }; | AK6: =CONCATENATE("[""SUMMARY""] = { [""EN""] = """,J6,"""; }; ") -> ["SUMMARY"] = { ["EN"] = ""; }; | AL6: =IF(LEN(F6)>0,CONCATENATE("[""TITLE""] = { [""EN""] = """,F6,"""; }; "),"") | AM6: =CONCATENATE("};") -> };
A7: 1879490682 | C7: All the Birds of the Shire | I7: None | L7: 0 | O7: =IF(AND(A7>0,L7>0),CONCATENATE("[",A7,"] = ",L7,", // ",C7),"") | P7: =CONCATENATE(S7,U7,V7,AH7,AM7," -- ",C7) -> [6] = {["ID"] = 1879490682; }; -- All the Birds of the Shire | Q7: =CONCATENATE(S7,T7,W7,Y7,AA7,AC7,AE7,AG7,AH7,AI7,AJ7,AK7,AL7,AM7) -> #N/A | R7: =ROW()-1 -> 6 | S7: =CONCATENATE(REPT(" ",3-LEN(R7)),"[",R7,"] = {") -> [6] = { | T7: =IF(LEN(A7)>0,CONCATENATE("[""ID""] = ",A7,"; ")," ") -> ["ID"] = 1879490682; | U7: =IF(LEN(A7)>0,CONCATENATE("[""ID""] = ",A7,"; "),"") -> ["ID"] = 1879490682; | V7: =IF(LEN(M7)>0,CONCATENATE("[""CAT_ID""] = ",M7,"; "),"") | W7: =IF(LEN(B7)>0,CONCATENATE("[""SAVE_INDEX""] = ",REPT(" ",1-LEN(B7)),B7,"; "),"") | X7: =VLOOKUP(D7,Type!A$2:B$17,2,FALSE) -> #N/A | Y7: =CONCATENATE("[""TYPE""] = ",REPT(" ",2-LEN(X7)),X7,"; ") -> #N/A | Z7: =TEXT(E7,0) -> 0 | AA7: =CONCATENATE("[""VXP""] = ",REPT(" ",1-LEN(Z7)),TEXT(Z7,"0"),"; ") -> ["VXP"] = 0; | AB7: =TEXT(G7,0) -> 0 | AC7: =CONCATENATE("[""LP""] = ",REPT(" ",1-LEN(AB7)),TEXT(AB7,"0"),"; ") -> ["LP"] = 0; | AD7: =TEXT(H7,0) -> 0 | AE7: =CONCATENATE("[""REP""] = ",REPT(" ",1-LEN(AD7)),TEXT(AD7,"0"),"; ") -> ["REP"] = 0; | AF7: =VLOOKUP(I7,Faction!A$2:B$77,2,FALSE) -> 1 | AG7: =CONCATENATE("[""FACTION""] = ",TEXT(AF7,"0"),"; ") -> ["FACTION"] = 1; | AH7: =IF(L7>0,CONCATENATE("[""TIER""] = ",TEXT(L7,"0"),"; "),"") | AI7: =CONCATENATE("[""NAME""] = { [""EN""] = """,C7,"""; }; ") -> ["NAME"] = { ["EN"] = "All the Birds of the Shire"; }; | AJ7: =CONCATENATE("[""LORE""] = { [""EN""] = """,K7,"""; }; ") -> ["LORE"] = { ["EN"] = ""; }; | AK7: =CONCATENATE("[""SUMMARY""] = { [""EN""] = """,J7,"""; }; ") -> ["SUMMARY"] = { ["EN"] = ""; }; | AL7: =IF(LEN(F7)>0,CONCATENATE("[""TITLE""] = { [""EN""] = """,F7,"""; }; "),"") | AM7: =CONCATENATE("};") -> };
A8: 1879490617 | C8: Birds of The Shire: Common and Uncommon | I8: None | L8: 1 | O8: =IF(AND(A8>0,L8>0),CONCATENATE("[",A8,"] = ",L8,", // ",C8),"") -> [1879490617] = 1, // Birds of The Shire: Common and Uncommon | P8: =CONCATENATE(S8,U8,V8,AH8,AM8," -- ",C8) -> [7] = {["ID"] = 1879490617; ["TIER"] = 1; }; -- Birds of The Shire: Common and Uncommon | Q8: =CONCATENATE(S8,T8,W8,Y8,AA8,AC8,AE8,AG8,AH8,AI8,AJ8,AK8,AL8,AM8) -> #N/A | R8: =ROW()-1 -> 7 | S8: =CONCATENATE(REPT(" ",3-LEN(R8)),"[",R8,"] = {") -> [7] = { | T8: =IF(LEN(A8)>0,CONCATENATE("[""ID""] = ",A8,"; ")," ") -> ["ID"] = 1879490617; | U8: =IF(LEN(A8)>0,CONCATENATE("[""ID""] = ",A8,"; "),"") -> ["ID"] = 1879490617; | V8: =IF(LEN(M8)>0,CONCATENATE("[""CAT_ID""] = ",M8,"; "),"") | W8: =IF(LEN(B8)>0,CONCATENATE("[""SAVE_INDEX""] = ",REPT(" ",1-LEN(B8)),B8,"; "),"") | X8: =VLOOKUP(D8,Type!A$2:B$17,2,FALSE) -> #N/A | Y8: =CONCATENATE("[""TYPE""] = ",REPT(" ",2-LEN(X8)),X8,"; ") -> #N/A | Z8: =TEXT(E8,0) -> 0 | AA8: =CONCATENATE("[""VXP""] = ",REPT(" ",1-LEN(Z8)),TEXT(Z8,"0"),"; ") -> ["VXP"] = 0; | AB8: =TEXT(G8,0) -> 0 | AC8: =CONCATENATE("[""LP""] = ",REPT(" ",1-LEN(AB8)),TEXT(AB8,"0"),"; ") -> ["LP"] = 0; | AD8: =TEXT(H8,0) -> 0 | AE8: =CONCATENATE("[""REP""] = ",REPT(" ",1-LEN(AD8)),TEXT(AD8,"0"),"; ") -> ["REP"] = 0; | AF8: =VLOOKUP(I8,Faction!A$2:B$77,2,FALSE) -> 1 | AG8: =CONCATENATE("[""FACTION""] = ",TEXT(AF8,"0"),"; ") -> ["FACTION"] = 1; | AH8: =IF(L8>0,CONCATENATE("[""TIER""] = ",TEXT(L8,"0"),"; "),"") -> ["TIER"] = 1; | AI8: =CONCATENATE("[""NAME""] = { [""EN""] = """,C8,"""; }; ") -> ["NAME"] = { ["EN"] = "Birds of The Shire: Common and Uncommon"; }; | AJ8: =CONCATENATE("[""LORE""] = { [""EN""] = """,K8,"""; }; ") -> ["LORE"] = { ["EN"] = ""; }; | AK8: =CONCATENATE("[""SUMMARY""] = { [""EN""] = """,J8,"""; }; ") -> ["SUMMARY"] = { ["EN"] = ""; }; | AL8: =IF(LEN(F8)>0,CONCATENATE("[""TITLE""] = { [""EN""] = """,F8,"""; }; "),"") | AM8: =CONCATENATE("};") -> };
A9: 1879490640 | C9: Birds of The Shire: Rare | L9: 1 | O9: =IF(AND(A9>0,L9>0),CONCATENATE("[",A9,"] = ",L9,", // ",C9),"") -> [1879490640] = 1, // Birds of The Shire: Rare | P9: =CONCATENATE(S9,U9,V9,AH9,AM9," -- ",C9) -> [8] = {["ID"] = 1879490640; ["TIER"] = 1; }; -- Birds of The Shire: Rare | Q9: =CONCATENATE(S9,T9,W9,Y9,AA9,AC9,AE9,AG9,AH9,AI9,AJ9,AK9,AL9,AM9) -> #N/A | R9: =ROW()-1 -> 8 | S9: =CONCATENATE(REPT(" ",3-LEN(R9)),"[",R9,"] = {") -> [8] = { | T9: =IF(LEN(A9)>0,CONCATENATE("[""ID""] = ",A9,"; ")," ") -> ["ID"] = 1879490640; | U9: =IF(LEN(A9)>0,CONCATENATE("[""ID""] = ",A9,"; "),"") -> ["ID"] = 1879490640; | V9: =IF(LEN(M9)>0,CONCATENATE("[""CAT_ID""] = ",M9,"; "),"") | W9: =IF(LEN(B9)>0,CONCATENATE("[""SAVE_INDEX""] = ",REPT(" ",1-LEN(B9)),B9,"; "),"") | X9: =VLOOKUP(D9,Type!A$2:B$17,2,FALSE) -> #N/A | Y9: =CONCATENATE("[""TYPE""] = ",REPT(" ",2-LEN(X9)),X9,"; ") -> #N/A | Z9: =TEXT(E9,0) -> 0 | AA9: =CONCATENATE("[""VXP""] = ",REPT(" ",1-LEN(Z9)),TEXT(Z9,"0"),"; ") -> ["VXP"] = 0; | AB9: =TEXT(G9,0) -> 0 | AC9: =CONCATENATE("[""LP""] = ",REPT(" ",1-LEN(AB9)),TEXT(AB9,"0"),"; ") -> ["LP"] = 0; | AD9: =TEXT(H9,0) -> 0 | AE9: =CONCATENATE("[""REP""] = ",REPT(" ",1-LEN(AD9)),TEXT(AD9,"0"),"; ") -> ["REP"] = 0; | AF9: =VLOOKUP(I9,Faction!A$2:B$77,2,FALSE) -> #N/A | AG9: =CONCATENATE("[""FACTION""] = ",TEXT(AF9,"0"),"; ") -> #N/A | AH9: =IF(L9>0,CONCATENATE("[""TIER""] = ",TEXT(L9,"0"),"; "),"") -> ["TIER"] = 1; | AI9: =CONCATENATE("[""NAME""] = { [""EN""] = """,C9,"""; }; ") -> ["NAME"] = { ["EN"] = "Birds of The Shire: Rare"; }; | AJ9: =CONCATENATE("[""LORE""] = { [""EN""] = """,K9,"""; }; ") -> ["LORE"] = { ["EN"] = ""; }; | AK9: =CONCATENATE("[""SUMMARY""] = { [""EN""] = """,J9,"""; }; ") -> ["SUMMARY"] = { ["EN"] = ""; }; | AL9: =IF(LEN(F9)>0,CONCATENATE("[""TITLE""] = { [""EN""] = """,F9,"""; }; "),"") | AM9: =CONCATENATE("};") -> };
A10: 1879490622 | C10: The Rarest Bird in The Shire | L10: 1 | O10: =IF(AND(A10>0,L10>0),CONCATENATE("[",A10,"] = ",L10,", // ",C10),"") -> [1879490622] = 1, // The Rarest Bird in The Shire | P10: =CONCATENATE(S10,U10,V10,AH10,AM10," -- ",C10) -> [9] = {["ID"] = 1879490622; ["TIER"] = 1; }; -- The Rarest Bird in The Shire | Q10: =CONCATENATE(S10,T10,W10,Y10,AA10,AC10,AE10,AG10,AH10,AI10,AJ10,AK10,AL10,AM10) -> #N/A | R10: =ROW()-1 -> 9 | S10: =CONCATENATE(REPT(" ",3-LEN(R10)),"[",R10,"] = {") -> [9] = { | T10: =IF(LEN(A10)>0,CONCATENATE("[""ID""] = ",A10,"; ")," ") -> ["ID"] = 1879490622; | U10: =IF(LEN(A10)>0,CONCATENATE("[""ID""] = ",A10,"; "),"") -> ["ID"] = 1879490622; | V10: =IF(LEN(M10)>0,CONCATENATE("[""CAT_ID""] = ",M10,"; "),"") | W10: =IF(LEN(B10)>0,CONCATENATE("[""SAVE_INDEX""] = ",REPT(" ",1-LEN(B10)),B10,"; "),"") | X10: =VLOOKUP(D10,Type!A$2:B$17,2,FALSE) -> #N/A | Y10: =CONCATENATE("[""TYPE""] = ",REPT(" ",2-LEN(X10)),X10,"; ") -> #N/A | Z10: =TEXT(E10,0) -> 0 | AA10: =CONCATENATE("[""VXP""] = ",REPT(" ",1-LEN(Z10)),TEXT(Z10,"0"),"; ") -> ["VXP"] = 0; | AB10: =TEXT(G10,0) -> 0 | AC10: =CONCATENATE("[""LP""] = ",REPT(" ",1-LEN(AB10)),TEXT(AB10,"0"),"; ") -> ["LP"] = 0; | AD10: =TEXT(H10,0) -> 0 | AE10: =CONCATENATE("[""REP""] = ",REPT(" ",1-LEN(AD10)),TEXT(AD10,"0"),"; ") -> ["REP"] = 0; | AF10: =VLOOKUP(I10,Faction!A$2:B$77,2,FALSE) -> #N/A | AG10: =CONCATENATE("[""FACTION""] = ",TEXT(AF10,"0"),"; ") -> #N/A | AH10: =IF(L10>0,CONCATENATE("[""TIER""] = ",TEXT(L10,"0"),"; "),"") -> ["TIER"] = 1; | AI10: =CONCATENATE("[""NAME""] = { [""EN""] = """,C10,"""; }; ") -> ["NAME"] = { ["EN"] = "The Rarest Bird in The Shire"; }; | AJ10: =CONCATENATE("[""LORE""] = { [""EN""] = """,K10,"""; }; ") -> ["LORE"] = { ["EN"] = ""; }; | AK10: =CONCATENATE("[""SUMMARY""] = { [""EN""] = """,J10,"""; }; ") -> ["SUMMARY"] = { ["EN"] = ""; }; | AL10: =IF(LEN(F10)>0,CONCATENATE("[""TITLE""] = { [""EN""] = """,F10,"""; }; "),"") | AM10: =CONCATENATE("};") -> };
A11: 1879490671 | C11: All the Birds of Ered Luin | L11: 0 | O11: =IF(AND(A11>0,L11>0),CONCATENATE("[",A11,"] = ",L11,", // ",C11),"") | P11: =CONCATENATE(S11,U11,V11,AH11,AM11," -- ",C11) -> [10] = {["ID"] = 1879490671; }; -- All the Birds of Ered Luin | Q11: =CONCATENATE(S11,T11,W11,Y11,AA11,AC11,AE11,AG11,AH11,AI11,AJ11,AK11,AL11,AM11) -> #N/A | R11: =ROW()-1 -> 10 | S11: =CONCATENATE(REPT(" ",3-LEN(R11)),"[",R11,"] = {") -> [10] = { | T11: =IF(LEN(A11)>0,CONCATENATE("[""ID""] = ",A11,"; ")," ") -> ["ID"] = 1879490671; | U11: =IF(LEN(A11)>0,CONCATENATE("[""ID""] = ",A11,"; "),"") -> ["ID"] = 1879490671; | V11: =IF(LEN(M11)>0,CONCATENATE("[""CAT_ID""] = ",M11,"; "),"") | W11: =IF(LEN(B11)>0,CONCATENATE("[""SAVE_INDEX""] = ",REPT(" ",1-LEN(B11)),B11,"; "),"") | X11: =VLOOKUP(D11,Type!A$2:B$17,2,FALSE) -> #N/A | Y11: =CONCATENATE("[""TYPE""] = ",REPT(" ",2-LEN(X11)),X11,"; ") -> #N/A | Z11: =TEXT(E11,0) -> 0 | AA11: =CONCATENATE("[""VXP""] = ",REPT(" ",1-LEN(Z11)),TEXT(Z11,"0"),"; ") -> ["VXP"] = 0; | AB11: =TEXT(G11,0) -> 0 | AC11: =CONCATENATE("[""LP""] = ",REPT(" ",1-LEN(AB11)),TEXT(AB11,"0"),"; ") -> ["LP"] = 0; | AD11: =TEXT(H11,0) -> 0 | AE11: =CONCATENATE("[""REP""] = ",REPT(" ",1-LEN(AD11)),TEXT(AD11,"0"),"; ") -> ["REP"] = 0; | AF11: =VLOOKUP(I11,Faction!A$2:B$77,2,FALSE) -> #N/A | AG11: =CONCATENATE("[""FACTION""] = ",TEXT(AF11,"0"),"; ") -> #N/A | AH11: =IF(L11>0,CONCATENATE("[""TIER""] = ",TEXT(L11,"0"),"; "),"") | AI11: =CONCATENATE("[""NAME""] = { [""EN""] = """,C11,"""; }; ") -> ["NAME"] = { ["EN"] = "All the Birds of Ered Luin"; }; | AJ11: =CONCATENATE("[""LORE""] = { [""EN""] = """,K11,"""; }; ") -> ["LORE"] = { ["EN"] = ""; }; | AK11: =CONCATENATE("[""SUMMARY""] = { [""EN""] = """,J11,"""; }; ") -> ["SUMMARY"] = { ["EN"] = ""; }; | AL11: =IF(LEN(F11)>0,CONCATENATE("[""TITLE""] = { [""EN""] = """,F11,"""; }; "),"") | AM11: =CONCATENATE("};") -> };
A12: 1879490651 | C12: Birds of Ered Luin: Common and Uncommon | L12: 1 | O12: =IF(AND(A12>0,L12>0),CONCATENATE("[",A12,"] = ",L12,", // ",C12),"") -> [1879490651] = 1, // Birds of Ered Luin: Common and Uncommon | P12: =CONCATENATE(S12,U12,V12,AH12,AM12," -- ",C12) -> [11] = {["ID"] = 1879490651; ["TIER"] = 1; }; -- Birds of Ered Luin: Common and Uncommon | Q12: =CONCATENATE(S12,T12,W12,Y12,AA12,AC12,AE12,AG12,AH12,AI12,AJ12,AK12,AL12,AM12) -> #N/A | R12: =ROW()-1 -> 11 | S12: =CONCATENATE(REPT(" ",3-LEN(R12)),"[",R12,"] = {") -> [11] = { | T12: =IF(LEN(A12)>0,CONCATENATE("[""ID""] = ",A12,"; ")," ") -> ["ID"] = 1879490651; | U12: =IF(LEN(A12)>0,CONCATENATE("[""ID""] = ",A12,"; "),"") -> ["ID"] = 1879490651; | V12: =IF(LEN(M12)>0,CONCATENATE("[""CAT_ID""] = ",M12,"; "),"") | W12: =IF(LEN(B12)>0,CONCATENATE("[""SAVE_INDEX""] = ",REPT(" ",1-LEN(B12)),B12,"; "),"") | X12: =VLOOKUP(D12,Type!A$2:B$17,2,FALSE) -> #N/A | Y12: =CONCATENATE("[""TYPE""] = ",REPT(" ",2-LEN(X12)),X12,"; ") -> #N/A | Z12: =TEXT(E12,0) -> 0 | AA12: =CONCATENATE("[""VXP""] = ",REPT(" ",1-LEN(Z12)),TEXT(Z12,"0"),"; ") -> ["VXP"] = 0; | AB12: =TEXT(G12,0) -> 0 | AC12: =CONCATENATE("[""LP""] = ",REPT(" ",1-LEN(AB12)),TEXT(AB12,"0"),"; ") -> ["LP"] = 0; | AD12: =TEXT(H12,0) -> 0 | AE12: =CONCATENATE("[""REP""] = ",REPT(" ",1-LEN(AD12)),TEXT(AD12,"0"),"; ") -> ["REP"] = 0; | AF12: =VLOOKUP(I12,Faction!A$2:B$77,2,FALSE) -> #N/A | AG12: =CONCATENATE("[""FACTION""] = ",TEXT(AF12,"0"),"; ") -> #N/A | AH12: =IF(L12>0,CONCATENATE("[""TIER""] = ",TEXT(L12,"0"),"; "),"") -> ["TIER"] = 1; | AI12: =CONCATENATE("[""NAME""] = { [""EN""] = """,C12,"""; }; ") -> ["NAME"] = { ["EN"] = "Birds of Ered Luin: Common and Uncommon"; }; | AJ12: =CONCATENATE("[""LORE""] = { [""EN""] = """,K12,"""; }; ") -> ["LORE"] = { ["EN"] = ""; }; | AK12: =CONCATENATE("[""SUMMARY""] = { [""EN""] = """,J12,"""; }; ") -> ["SUMMARY"] = { ["EN"] = ""; }; | AL12: =IF(LEN(F12)>0,CONCATENATE("[""TITLE""] = { [""EN""] = """,F12,"""; }; "),"") | AM12: =CONCATENATE("};") -> };
A13: 1879490635 | C13: Birds of Ered Luin: Rare | L13: 1 | O13: =IF(AND(A13>0,L13>0),CONCATENATE("[",A13,"] = ",L13,", // ",C13),"") -> [1879490635] = 1, // Birds of Ered Luin: Rare | P13: =CONCATENATE(S13,U13,V13,AH13,AM13," -- ",C13) -> [12] = {["ID"] = 1879490635; ["TIER"] = 1; }; -- Birds of Ered Luin: Rare | Q13: =CONCATENATE(S13,T13,W13,Y13,AA13,AC13,AE13,AG13,AH13,AI13,AJ13,AK13,AL13,AM13) -> #N/A | R13: =ROW()-1 -> 12 | S13: =CONCATENATE(REPT(" ",3-LEN(R13)),"[",R13,"] = {") -> [12] = { | T13: =IF(LEN(A13)>0,CONCATENATE("[""ID""] = ",A13,"; ")," ") -> ["ID"] = 1879490635; | U13: =IF(LEN(A13)>0,CONCATENATE("[""ID""] = ",A13,"; "),"") -> ["ID"] = 1879490635; | V13: =IF(LEN(M13)>0,CONCATENATE("[""CAT_ID""] = ",M13,"; "),"") | W13: =IF(LEN(B13)>0,CONCATENATE("[""SAVE_INDEX""] = ",REPT(" ",1-LEN(B13)),B13,"; "),"") | X13: =VLOOKUP(D13,Type!A$2:B$17,2,FALSE) -> #N/A | Y13: =CONCATENATE("[""TYPE""] = ",REPT(" ",2-LEN(X13)),X13,"; ") -> #N/A | Z13: =TEXT(E13,0) -> 0 | AA13: =CONCATENATE("[""VXP""] = ",REPT(" ",1-LEN(Z13)),TEXT(Z13,"0"),"; ") -> ["VXP"] = 0; | AB13: =TEXT(G13,0) -> 0 | AC13: =CONCATENATE("[""LP""] = ",REPT(" ",1-LEN(AB13)),TEXT(AB13,"0"),"; ") -> ["LP"] = 0; | AD13: =TEXT(H13,0) -> 0 | AE13: =CONCATENATE("[""REP""] = ",REPT(" ",1-LEN(AD13)),TEXT(AD13,"0"),"; ") -> ["REP"] = 0; | AF13: =VLOOKUP(I13,Faction!A$2:B$77,2,FALSE) -> #N/A | AG13: =CONCATENATE("[""FACTION""] = ",TEXT(AF13,"0"),"; ") -> #N/A | AH13: =IF(L13>0,CONCATENATE("[""TIER""] = ",TEXT(L13,"0"),"; "),"") -> ["TIER"] = 1; | AI13: =CONCATENATE("[""NAME""] = { [""EN""] = """,C13,"""; }; ") -> ["NAME"] = { ["EN"] = "Birds of Ered Luin: Rare"; }; | AJ13: =CONCATENATE("[""LORE""] = { [""EN""] = """,K13,"""; }; ") -> ["LORE"] = { ["EN"] = ""; }; | AK13: =CONCATENATE("[""SUMMARY""] = { [""EN""] = """,J13,"""; }; ") -> ["SUMMARY"] = { ["EN"] = ""; }; | AL13: =IF(LEN(F13)>0,CONCATENATE("[""TITLE""] = { [""EN""] = """,F13,"""; }; "),"") | AM13: =CONCATENATE("};") -> };
A14: 1879490633 | C14: The Rarest Bird in Ered Luin | L14: 1 | O14: =IF(AND(A14>0,L14>0),CONCATENATE("[",A14,"] = ",L14,", // ",C14),"") -> [1879490633] = 1, // The Rarest Bird in Ered Luin | P14: =CONCATENATE(S14,U14,V14,AH14,AM14," -- ",C14) -> [13] = {["ID"] = 1879490633; ["TIER"] = 1; }; -- The Rarest Bird in Ered Luin | Q14: =CONCATENATE(S14,T14,W14,Y14,AA14,AC14,AE14,AG14,AH14,AI14,AJ14,AK14,AL14,AM14) -> #N/A | R14: =ROW()-1 -> 13 | S14: =CONCATENATE(REPT(" ",3-LEN(R14)),"[",R14,"] = {") -> [13] = { | T14: =IF(LEN(A14)>0,CONCATENATE("[""ID""] = ",A14,"; ")," ") -> ["ID"] = 1879490633; | U14: =IF(LEN(A14)>0,CONCATENATE("[""ID""] = ",A14,"; "),"") -> ["ID"] = 1879490633; | V14: =IF(LEN(M14)>0,CONCATENATE("[""CAT_ID""] = ",M14,"; "),"") | W14: =IF(LEN(B14)>0,CONCATENATE("[""SAVE_INDEX""] = ",REPT(" ",1-LEN(B14)),B14,"; "),"") | X14: =VLOOKUP(D14,Type!A$2:B$17,2,FALSE) -> #N/A | Y14: =CONCATENATE("[""TYPE""] = ",REPT(" ",2-LEN(X14)),X14,"; ") -> #N/A | Z14: =TEXT(E14,0) -> 0 | AA14: =CONCATENATE("[""VXP""] = ",REPT(" ",1-LEN(Z14)),TEXT(Z14,"0"),"; ") -> ["VXP"] = 0; | AB14: =TEXT(G14,0) -> 0 | AC14: =CONCATENATE("[""LP""] = ",REPT(" ",1-LEN(AB14)),TEXT(AB14,"0"),"; ") -> ["LP"] = 0; | AD14: =TEXT(H14,0) -> 0 | AE14: =CONCATENATE("[""REP""] = ",REPT(" ",1-LEN(AD14)),TEXT(AD14,"0"),"; ") -> ["REP"] = 0; | AF14: =VLOOKUP(I14,Faction!A$2:B$77,2,FALSE) -> #N/A | AG14: =CONCATENATE("[""FACTION""] = ",TEXT(AF14,"0"),"; ") -> #N/A | AH14: =IF(L14>0,CONCATENATE("[""TIER""] = ",TEXT(L14,"0"),"; "),"") -> ["TIER"] = 1; | AI14: =CONCATENATE("[""NAME""] = { [""EN""] = """,C14,"""; }; ") -> ["NAME"] = { ["EN"] = "The Rarest Bird in Ered Luin"; }; | AJ14: =CONCATENATE("[""LORE""] = { [""EN""] = """,K14,"""; }; ") -> ["LORE"] = { ["EN"] = ""; }; | AK14: =CONCATENATE("[""SUMMARY""] = { [""EN""] = """,J14,"""; }; ") -> ["SUMMARY"] = { ["EN"] = ""; }; | AL14: =IF(LEN(F14)>0,CONCATENATE("[""TITLE""] = { [""EN""] = """,F14,"""; }; "),"") | AM14: =CONCATENATE("};") -> };
A15: 1879490668 | C15: All the Birds of Swanfleet | L15: 0 | O15: =IF(AND(A15>0,L15>0),CONCATENATE("[",A15,"] = ",L15,", // ",C15),"") | P15: =CONCATENATE(S15,U15,V15,AH15,AM15," -- ",C15) -> [14] = {["ID"] = 1879490668; }; -- All the Birds of Swanfleet | Q15: =CONCATENATE(S15,T15,W15,Y15,AA15,AC15,AE15,AG15,AH15,AI15,AJ15,AK15,AL15,AM15) -> #N/A | R15: =ROW()-1 -> 14 | S15: =CONCATENATE(REPT(" ",3-LEN(R15)),"[",R15,"] = {") -> [14] = { | T15: =IF(LEN(A15)>0,CONCATENATE("[""ID""] = ",A15,"; ")," ") -> ["ID"] = 1879490668; | U15: =IF(LEN(A15)>0,CONCATENATE("[""ID""] = ",A15,"; "),"") -> ["ID"] = 1879490668; | V15: =IF(LEN(M15)>0,CONCATENATE("[""CAT_ID""] = ",M15,"; "),"") | W15: =IF(LEN(B15)>0,CONCATENATE("[""SAVE_INDEX""] = ",REPT(" ",1-LEN(B15)),B15,"; "),"") | X15: =VLOOKUP(D15,Type!A$2:B$17,2,FALSE) -> #N/A | Y15: =CONCATENATE("[""TYPE""] = ",REPT(" ",2-LEN(X15)),X15,"; ") -> #N/A | Z15: =TEXT(E15,0) -> 0 | AA15: =CONCATENATE("[""VXP""] = ",REPT(" ",1-LEN(Z15)),TEXT(Z15,"0"),"; ") -> ["VXP"] = 0; | AB15: =TEXT(G15,0) -> 0 | AC15: =CONCATENATE("[""LP""] = ",REPT(" ",1-LEN(AB15)),TEXT(AB15,"0"),"; ") -> ["LP"] = 0; | AD15: =TEXT(H15,0) -> 0 | AE15: =CONCATENATE("[""REP""] = ",REPT(" ",1-LEN(AD15)),TEXT(AD15,"0"),"; ") -> ["REP"] = 0; | AF15: =VLOOKUP(I15,Faction!A$2:B$77,2,FALSE) -> #N/A | AG15: =CONCATENATE("[""FACTION""] = ",TEXT(AF15,"0"),"; ") -> #N/A | AH15: =IF(L15>0,CONCATENATE("[""TIER""] = ",TEXT(L15,"0"),"; "),"") | AI15: =CONCATENATE("[""NAME""] = { [""EN""] = """,C15,"""; }; ") -> ["NAME"] = { ["EN"] = "All the Birds of Swanfleet"; }; | AJ15: =CONCATENATE("[""LORE""] = { [""EN""] = """,K15,"""; }; ") -> ["LORE"] = { ["EN"] = ""; }; | AK15: =CONCATENATE("[""SUMMARY""] = { [""EN""] = """,J15,"""; }; ") -> ["SUMMARY"] = { ["EN"] = ""; }; | AL15: =IF(LEN(F15)>0,CONCATENATE("[""TITLE""] = { [""EN""] = """,F15,"""; }; "),"") | AM15: =CONCATENATE("};") -> };
A16: 1879490642 | C16: Birds of Swanfleet: Common and Uncommon | L16: 1 | O16: =IF(AND(A16>0,L16>0),CONCATENATE("[",A16,"] = ",L16,", // ",C16),"") -> [1879490642] = 1, // Birds of Swanfleet: Common and Uncommon | P16: =CONCATENATE(S16,U16,V16,AH16,AM16," -- ",C16) -> [15] = {["ID"] = 1879490642; ["TIER"] = 1; }; -- Birds of Swanfleet: Common and Uncommon | Q16: =CONCATENATE(S16,T16,W16,Y16,AA16,AC16,AE16,AG16,AH16,AI16,AJ16,AK16,AL16,AM16) -> #N/A | R16: =ROW()-1 -> 15 | S16: =CONCATENATE(REPT(" ",3-LEN(R16)),"[",R16,"] = {") -> [15] = { | T16: =IF(LEN(A16)>0,CONCATENATE("[""ID""] = ",A16,"; ")," ") -> ["ID"] = 1879490642; | U16: =IF(LEN(A16)>0,CONCATENATE("[""ID""] = ",A16,"; "),"") -> ["ID"] = 1879490642; | V16: =IF(LEN(M16)>0,CONCATENATE("[""CAT_ID""] = ",M16,"; "),"") | W16: =IF(LEN(B16)>0,CONCATENATE("[""SAVE_INDEX""] = ",REPT(" ",1-LEN(B16)),B16,"; "),"") | X16: =VLOOKUP(D16,Type!A$2:B$17,2,FALSE) -> #N/A | Y16: =CONCATENATE("[""TYPE""] = ",REPT(" ",2-LEN(X16)),X16,"; ") -> #N/A | Z16: =TEXT(E16,0) -> 0 | AA16: =CONCATENATE("[""VXP""] = ",REPT(" ",1-LEN(Z16)),TEXT(Z16,"0"),"; ") -> ["VXP"] = 0; | AB16: =TEXT(G16,0) -> 0 | AC16: =CONCATENATE("[""LP""] = ",REPT(" ",1-LEN(AB16)),TEXT(AB16,"0"),"; ") -> ["LP"] = 0; | AD16: =TEXT(H16,0) -> 0 | AE16: =CONCATENATE("[""REP""] = ",REPT(" ",1-LEN(AD16)),TEXT(AD16,"0"),"; ") -> ["REP"] = 0; | AF16: =VLOOKUP(I16,Faction!A$2:B$77,2,FALSE) -> #N/A | AG16: =CONCATENATE("[""FACTION""] = ",TEXT(AF16,"0"),"; ") -> #N/A | AH16: =IF(L16>0,CONCATENATE("[""TIER""] = ",TEXT(L16,"0"),"; "),"") -> ["TIER"] = 1; | AI16: =CONCATENATE("[""NAME""] = { [""EN""] = """,C16,"""; }; ") -> ["NAME"] = { ["EN"] = "Birds of Swanfleet: Common and Uncommon"; }; | AJ16: =CONCATENATE("[""LORE""] = { [""EN""] = """,K16,"""; }; ") -> ["LORE"] = { ["EN"] = ""; }; | AK16: =CONCATENATE("[""SUMMARY""] = { [""EN""] = """,J16,"""; }; ") -> ["SUMMARY"] = { ["EN"] = ""; }; | AL16: =IF(LEN(F16)>0,CONCATENATE("[""TITLE""] = { [""EN""] = """,F16,"""; }; "),"") | AM16: =CONCATENATE("};") -> };
A17: 1879490641 | C17: Birds of Swanfleet: Rare | L17: 1 | O17: =IF(AND(A17>0,L17>0),CONCATENATE("[",A17,"] = ",L17,", // ",C17),"") -> [1879490641] = 1, // Birds of Swanfleet: Rare | P17: =CONCATENATE(S17,U17,V17,AH17,AM17," -- ",C17) -> [16] = {["ID"] = 1879490641; ["TIER"] = 1; }; -- Birds of Swanfleet: Rare | Q17: =CONCATENATE(S17,T17,W17,Y17,AA17,AC17,AE17,AG17,AH17,AI17,AJ17,AK17,AL17,AM17) -> #N/A | R17: =ROW()-1 -> 16 | S17: =CONCATENATE(REPT(" ",3-LEN(R17)),"[",R17,"] = {") -> [16] = { | T17: =IF(LEN(A17)>0,CONCATENATE("[""ID""] = ",A17,"; ")," ") -> ["ID"] = 1879490641; | U17: =IF(LEN(A17)>0,CONCATENATE("[""ID""] = ",A17,"; "),"") -> ["ID"] = 1879490641; | V17: =IF(LEN(M17)>0,CONCATENATE("[""CAT_ID""] = ",M17,"; "),"") | W17: =IF(LEN(B17)>0,CONCATENATE("[""SAVE_INDEX""] = ",REPT(" ",1-LEN(B17)),B17,"; "),"") | X17: =VLOOKUP(D17,Type!A$2:B$17,2,FALSE) -> #N/A | Y17: =CONCATENATE("[""TYPE""] = ",REPT(" ",2-LEN(X17)),X17,"; ") -> #N/A | Z17: =TEXT(E17,0) -> 0 | AA17: =CONCATENATE("[""VXP""] = ",REPT(" ",1-LEN(Z17)),TEXT(Z17,"0"),"; ") -> ["VXP"] = 0; | AB17: =TEXT(G17,0) -> 0 | AC17: =CONCATENATE("[""LP""] = ",REPT(" ",1-LEN(AB17)),TEXT(AB17,"0"),"; ") -> ["LP"] = 0; | AD17: =TEXT(H17,0) -> 0 | AE17: =CONCATENATE("[""REP""] = ",REPT(" ",1-LEN(AD17)),TEXT(AD17,"0"),"; ") -> ["REP"] = 0; | AF17: =VLOOKUP(I17,Faction!A$2:B$77,2,FALSE) -> #N/A | AG17: =CONCATENATE("[""FACTION""] = ",TEXT(AF17,"0"),"; ") -> #N/A | AH17: =IF(L17>0,CONCATENATE("[""TIER""] = ",TEXT(L17,"0"),"; "),"") -> ["TIER"] = 1; | AI17: =CONCATENATE("[""NAME""] = { [""EN""] = """,C17,"""; }; ") -> ["NAME"] = { ["EN"] = "Birds of Swanfleet: Rare"; }; | AJ17: =CONCATENATE("[""LORE""] = { [""EN""] = """,K17,"""; }; ") -> ["LORE"] = { ["EN"] = ""; }; | AK17: =CONCATENATE("[""SUMMARY""] = { [""EN""] = """,J17,"""; }; ") -> ["SUMMARY"] = { ["EN"] = ""; }; | AL17: =IF(LEN(F17)>0,CONCATENATE("[""TITLE""] = { [""EN""] = """,F17,"""; }; "),"") | AM17: =CONCATENATE("};") -> };
A18: 1879490645 | C18: The Rarest Bird in Swanfleet | L18: 1 | O18: =IF(AND(A18>0,L18>0),CONCATENATE("[",A18,"] = ",L18,", // ",C18),"") -> [1879490645] = 1, // The Rarest Bird in Swanfleet | P18: =CONCATENATE(S18,U18,V18,AH18,AM18," -- ",C18) -> [17] = {["ID"] = 1879490645; ["TIER"] = 1; }; -- The Rarest Bird in Swanfleet | Q18: =CONCATENATE(S18,T18,W18,Y18,AA18,AC18,AE18,AG18,AH18,AI18,AJ18,AK18,AL18,AM18) -> #N/A | R18: =ROW()-1 -> 17 | S18: =CONCATENATE(REPT(" ",3-LEN(R18)),"[",R18,"] = {") -> [17] = { | T18: =IF(LEN(A18)>0,CONCATENATE("[""ID""] = ",A18,"; ")," ") -> ["ID"] = 1879490645; | U18: =IF(LEN(A18)>0,CONCATENATE("[""ID""] = ",A18,"; "),"") -> ["ID"] = 1879490645; | V18: =IF(LEN(M18)>0,CONCATENATE("[""CAT_ID""] = ",M18,"; "),"") | W18: =IF(LEN(B18)>0,CONCATENATE("[""SAVE_INDEX""] = ",REPT(" ",1-LEN(B18)),B18,"; "),"") | X18: =VLOOKUP(D18,Type!A$2:B$17,2,FALSE) -> #N/A | Y18: =CONCATENATE("[""TYPE""] = ",REPT(" ",2-LEN(X18)),X18,"; ") -> #N/A | Z18: =TEXT(E18,0) -> 0 | AA18: =CONCATENATE("[""VXP""] = ",REPT(" ",1-LEN(Z18)),TEXT(Z18,"0"),"; ") -> ["VXP"] = 0; | AB18: =TEXT(G18,0) -> 0 | AC18: =CONCATENATE("[""LP""] = ",REPT(" ",1-LEN(AB18)),TEXT(AB18,"0"),"; ") -> ["LP"] = 0; | AD18: =TEXT(H18,0) -> 0 | AE18: =CONCATENATE("[""REP""] = ",REPT(" ",1-LEN(AD18)),TEXT(AD18,"0"),"; ") -> ["REP"] = 0; | AF18: =VLOOKUP(I18,Faction!A$2:B$77,2,FALSE) -> #N/A | AG18: =CONCATENATE("[""FACTION""] = ",TEXT(AF18,"0"),"; ") -> #N/A | AH18: =IF(L18>0,CONCATENATE("[""TIER""] = ",TEXT(L18,"0"),"; "),"") -> ["TIER"] = 1; | AI18: =CONCATENATE("[""NAME""] = { [""EN""] = """,C18,"""; }; ") -> ["NAME"] = { ["EN"] = "The Rarest Bird in Swanfleet"; }; | AJ18: =CONCATENATE("[""LORE""] = { [""EN""] = """,K18,"""; }; ") -> ["LORE"] = { ["EN"] = ""; }; | AK18: =CONCATENATE("[""SUMMARY""] = { [""EN""] = """,J18,"""; }; ") -> ["SUMMARY"] = { ["EN"] = ""; }; | AL18: =IF(LEN(F18)>0,CONCATENATE("[""TITLE""] = { [""EN""] = """,F18,"""; }; "),"") | AM18: =CONCATENATE("};") -> };
A19: 1879490670 | C19: All the Birds of Cardolan | L19: 0 | O19: =IF(AND(A19>0,L19>0),CONCATENATE("[",A19,"] = ",L19,", // ",C19),"") | P19: =CONCATENATE(S19,U19,V19,AH19,AM19," -- ",C19) -> [18] = {["ID"] = 1879490670; }; -- All the Birds of Cardolan | Q19: =CONCATENATE(S19,T19,W19,Y19,AA19,AC19,AE19,AG19,AH19,AI19,AJ19,AK19,AL19,AM19) -> #N/A | R19: =ROW()-1 -> 18 | S19: =CONCATENATE(REPT(" ",3-LEN(R19)),"[",R19,"] = {") -> [18] = { | T19: =IF(LEN(A19)>0,CONCATENATE("[""ID""] = ",A19,"; ")," ") -> ["ID"] = 1879490670; | U19: =IF(LEN(A19)>0,CONCATENATE("[""ID""] = ",A19,"; "),"") -> ["ID"] = 1879490670; | V19: =IF(LEN(M19)>0,CONCATENATE("[""CAT_ID""] = ",M19,"; "),"") | W19: =IF(LEN(B19)>0,CONCATENATE("[""SAVE_INDEX""] = ",REPT(" ",1-LEN(B19)),B19,"; "),"") | X19: =VLOOKUP(D19,Type!A$2:B$17,2,FALSE) -> #N/A | Y19: =CONCATENATE("[""TYPE""] = ",REPT(" ",2-LEN(X19)),X19,"; ") -> #N/A | Z19: =TEXT(E19,0) -> 0 | AA19: =CONCATENATE("[""VXP""] = ",REPT(" ",1-LEN(Z19)),TEXT(Z19,"0"),"; ") -> ["VXP"] = 0; | AB19: =TEXT(G19,0) -> 0 | AC19: =CONCATENATE("[""LP""] = ",REPT(" ",1-LEN(AB19)),TEXT(AB19,"0"),"; ") -> ["LP"] = 0; | AD19: =TEXT(H19,0) -> 0 | AE19: =CONCATENATE("[""REP""] = ",REPT(" ",1-LEN(AD19)),TEXT(AD19,"0"),"; ") -> ["REP"] = 0; | AF19: =VLOOKUP(I19,Faction!A$2:B$77,2,FALSE) -> #N/A | AG19: =CONCATENATE("[""FACTION""] = ",TEXT(AF19,"0"),"; ") -> #N/A | AH19: =IF(L19>0,CONCATENATE("[""TIER""] = ",TEXT(L19,"0"),"; "),"") | AI19: =CONCATENATE("[""NAME""] = { [""EN""] = """,C19,"""; }; ") -> ["NAME"] = { ["EN"] = "All the Birds of Cardolan"; }; | AJ19: =CONCATENATE("[""LORE""] = { [""EN""] = """,K19,"""; }; ") -> ["LORE"] = { ["EN"] = ""; }; | AK19: =CONCATENATE("[""SUMMARY""] = { [""EN""] = """,J19,"""; }; ") -> ["SUMMARY"] = { ["EN"] = ""; }; | AL19: =IF(LEN(F19)>0,CONCATENATE("[""TITLE""] = { [""EN""] = """,F19,"""; }; "),"") | AM19: =CONCATENATE("};") -> };
A20: 1879490621 | C20: Birds of Cardolan: Common and Uncommon | L20: 1 | O20: =IF(AND(A20>0,L20>0),CONCATENATE("[",A20,"] = ",L20,", // ",C20),"") -> [1879490621] = 1, // Birds of Cardolan: Common and Uncommon | P20: =CONCATENATE(S20,U20,V20,AH20,AM20," -- ",C20) -> [19] = {["ID"] = 1879490621; ["TIER"] = 1; }; -- Birds of Cardolan: Common and Uncommon | Q20: =CONCATENATE(S20,T20,W20,Y20,AA20,AC20,AE20,AG20,AH20,AI20,AJ20,AK20,AL20,AM20) -> #N/A | R20: =ROW()-1 -> 19 | S20: =CONCATENATE(REPT(" ",3-LEN(R20)),"[",R20,"] = {") -> [19] = { | T20: =IF(LEN(A20)>0,CONCATENATE("[""ID""] = ",A20,"; ")," ") -> ["ID"] = 1879490621; | U20: =IF(LEN(A20)>0,CONCATENATE("[""ID""] = ",A20,"; "),"") -> ["ID"] = 1879490621; | V20: =IF(LEN(M20)>0,CONCATENATE("[""CAT_ID""] = ",M20,"; "),"") | W20: =IF(LEN(B20)>0,CONCATENATE("[""SAVE_INDEX""] = ",REPT(" ",1-LEN(B20)),B20,"; "),"") | X20: =VLOOKUP(D20,Type!A$2:B$17,2,FALSE) -> #N/A | Y20: =CONCATENATE("[""TYPE""] = ",REPT(" ",2-LEN(X20)),X20,"; ") -> #N/A | Z20: =TEXT(E20,0) -> 0 | AA20: =CONCATENATE("[""VXP""] = ",REPT(" ",1-LEN(Z20)),TEXT(Z20,"0"),"; ") -> ["VXP"] = 0; | AB20: =TEXT(G20,0) -> 0 | AC20: =CONCATENATE("[""LP""] = ",REPT(" ",1-LEN(AB20)),TEXT(AB20,"0"),"; ") -> ["LP"] = 0; | AD20: =TEXT(H20,0) -> 0 | AE20: =CONCATENATE("[""REP""] = ",REPT(" ",1-LEN(AD20)),TEXT(AD20,"0"),"; ") -> ["REP"] = 0; | AF20: =VLOOKUP(I20,Faction!A$2:B$77,2,FALSE) -> #N/A | AG20: =CONCATENATE("[""FACTION""] = ",TEXT(AF20,"0"),"; ") -> #N/A | AH20: =IF(L20>0,CONCATENATE("[""TIER""] = ",TEXT(L20,"0"),"; "),"") -> ["TIER"] = 1; | AI20: =CONCATENATE("[""NAME""] = { [""EN""] = """,C20,"""; }; ") -> ["NAME"] = { ["EN"] = "Birds of Cardolan: Common and Uncommon"; }; | AJ20: =CONCATENATE("[""LORE""] = { [""EN""] = """,K20,"""; }; ") -> ["LORE"] = { ["EN"] = ""; }; | AK20: =CONCATENATE("[""SUMMARY""] = { [""EN""] = """,J20,"""; }; ") -> ["SUMMARY"] = { ["EN"] = ""; }; | AL20: =IF(LEN(F20)>0,CONCATENATE("[""TITLE""] = { [""EN""] = """,F20,"""; }; "),"") | AM20: =CONCATENATE("};") -> };
... A63: 1879490679 | C63: The Rarest of Birds in Eriador | L63: 0 | O63: =IF(AND(A63>0,L63>0),CONCATENATE("[",A63,"] = ",L63,", // ",C63),"") | P63: =CONCATENATE(S63,U63,V63,AH63,AM63," -- ",C63) -> [62] = {["ID"] = 1879490679; }; -- The Rarest of Birds in Eriador | Q63: =CONCATENATE(S63,T63,W63,Y63,AA63,AC63,AE63,AG63,AH63,AI63,AJ63,AK63,AL63,AM63) -> #N/A | R63: =ROW()-1 -> 62 | S63: =CONCATENATE(REPT(" ",3-LEN(R63)),"[",R63,"] = {") -> [62] = { | T63: =IF(LEN(A63)>0,CONCATENATE("[""ID""] = ",A63,"; ")," ") -> ["ID"] = 1879490679; | U63: =IF(LEN(A63)>0,CONCATENATE("[""ID""] = ",A63,"; "),"") -> ["ID"] = 1879490679; | V63: =IF(LEN(M63)>0,CONCATENATE("[""CAT_ID""] = ",M63,"; "),"") | W63: =IF(LEN(B63)>0,CONCATENATE("[""SAVE_INDEX""] = ",REPT(" ",1-LEN(B63)),B63,"; "),"") | X63: =VLOOKUP(D63,Type!A$2:B$17,2,FALSE) -> #N/A | Y63: =CONCATENATE("[""TYPE""] = ",REPT(" ",2-LEN(X63)),X63,"; ") -> #N/A | Z63: =TEXT(E63,0) -> 0 | AA63: =CONCATENATE("[""VXP""] = ",REPT(" ",1-LEN(Z63)),TEXT(Z63,"0"),"; ") -> ["VXP"] = 0; | AB63: =TEXT(G63,0) -> 0 | AC63: =CONCATENATE("[""LP""] = ",REPT(" ",1-LEN(AB63)),TEXT(AB63,"0"),"; ") -> ["LP"] = 0; | AD63: =TEXT(H63,0) -> 0 | AE63: =CONCATENATE("[""REP""] = ",REPT(" ",1-LEN(AD63)),TEXT(AD63,"0"),"; ") -> ["REP"] = 0; | AF63: =VLOOKUP(I63,Faction!A$2:B$77,2,FALSE) -> #N/A | AG63: =CONCATENATE("[""FACTION""] = ",TEXT(AF63,"0"),"; ") -> #N/A | AH63: =IF(L63>0,CONCATENATE("[""TIER""] = ",TEXT(L63,"0"),"; "),"") | AI63: =CONCATENATE("[""NAME""] = { [""EN""] = """,C63,"""; }; ") -> ["NAME"] = { ["EN"] = "The Rarest of Birds in Eriador"; }; | AJ63: =CONCATENATE("[""LORE""] = { [""EN""] = """,K63,"""; }; ") -> ["LORE"] = { ["EN"] = ""; }; | AK63: =CONCATENATE("[""SUMMARY""] = { [""EN""] = """,J63,"""; }; ") -> ["SUMMARY"] = { ["EN"] = ""; }; | AL63: =IF(LEN(F63)>0,CONCATENATE("[""TITLE""] = { [""EN""] = """,F63,"""; }; "),"") | AM63: =CONCATENATE("};") -> };
C64: Rohan and the Great River | D64: Category | M64: 321 | O64: =IF(AND(A64>0,L64>0),CONCATENATE("[",A64,"] = ",L64,", // ",C64),"") | P64: =CONCATENATE(S64,U64,V64,AH64,AM64," -- ",C64) -> [63] = {["CAT_ID"] = 321; }; -- Rohan and the Great River | Q64: =CONCATENATE(S64,T64,W64,Y64,AA64,AC64,AE64,AG64,AH64,AI64,AJ64,AK64,AL64,AM64) -> #N/A | R64: =ROW()-1 -> 63 | S64: =CONCATENATE(REPT(" ",3-LEN(R64)),"[",R64,"] = {") -> [63] = { | T64: =IF(LEN(A64)>0,CONCATENATE("[""ID""] = ",A64,"; ")," ") | U64: =IF(LEN(A64)>0,CONCATENATE("[""ID""] = ",A64,"; "),"") | V64: =IF(LEN(M64)>0,CONCATENATE("[""CAT_ID""] = ",M64,"; "),"") -> ["CAT_ID"] = 321; | W64: =IF(LEN(B64)>0,CONCATENATE("[""SAVE_INDEX""] = ",REPT(" ",1-LEN(B64)),B64,"; "),"") | X64: =VLOOKUP(D64,Type!A$2:B$17,2,FALSE) -> 14 | Y64: =CONCATENATE("[""TYPE""] = ",REPT(" ",2-LEN(X64)),X64,"; ") -> ["TYPE"] = 14; | Z64: =TEXT(E64,0) -> 0 | AA64: =CONCATENATE("[""VXP""] = ",REPT(" ",1-LEN(Z64)),TEXT(Z64,"0"),"; ") -> ["VXP"] = 0; | AB64: =TEXT(G64,0) -> 0 | AC64: =CONCATENATE("[""LP""] = ",REPT(" ",1-LEN(AB64)),TEXT(AB64,"0"),"; ") -> ["LP"] = 0; | AD64: =TEXT(H64,0) -> 0 | AE64: =CONCATENATE("[""REP""] = ",REPT(" ",1-LEN(AD64)),TEXT(AD64,"0"),"; ") -> ["REP"] = 0; | AF64: =VLOOKUP(I64,Faction!A$2:B$77,2,FALSE) -> #N/A | AG64: =CONCATENATE("[""FACTION""] = ",TEXT(AF64,"0"),"; ") -> #N/A | AH64: =IF(L64>0,CONCATENATE("[""TIER""] = ",TEXT(L64,"0"),"; "),"") | AI64: =CONCATENATE("[""NAME""] = { [""EN""] = """,C64,"""; }; ") -> ["NAME"] = { ["EN"] = "Rohan and the Great River"; }; | AJ64: =CONCATENATE("[""LORE""] = { [""EN""] = """,K64,"""; }; ") -> ["LORE"] = { ["EN"] = ""; }; | AK64: =CONCATENATE("[""SUMMARY""] = { [""EN""] = """,J64,"""; }; ") -> ["SUMMARY"] = { ["EN"] = ""; }; | AL64: =IF(LEN(F64)>0,CONCATENATE("[""TITLE""] = { [""EN""] = """,F64,"""; }; "),"") | AM64: =CONCATENATE("};") -> };
A65: 1879501132 | C65: All the Birds of Lothlórien | L65: 0 | O65: =IF(AND(A65>0,L65>0),CONCATENATE("[",A65,"] = ",L65,", // ",C65),"") | P65: =CONCATENATE(S65,U65,V65,AH65,AM65," -- ",C65) -> [64] = {["ID"] = 1879501132; }; -- All the Birds of Lothlórien | Q65: =CONCATENATE(S65,T65,W65,Y65,AA65,AC65,AE65,AG65,AH65,AI65,AJ65,AK65,AL65,AM65) -> #N/A | R65: =ROW()-1 -> 64 | S65: =CONCATENATE(REPT(" ",3-LEN(R65)),"[",R65,"] = {") -> [64] = { | T65: =IF(LEN(A65)>0,CONCATENATE("[""ID""] = ",A65,"; ")," ") -> ["ID"] = 1879501132; | U65: =IF(LEN(A65)>0,CONCATENATE("[""ID""] = ",A65,"; "),"") -> ["ID"] = 1879501132; | V65: =IF(LEN(M65)>0,CONCATENATE("[""CAT_ID""] = ",M65,"; "),"") | W65: =IF(LEN(B65)>0,CONCATENATE("[""SAVE_INDEX""] = ",REPT(" ",1-LEN(B65)),B65,"; "),"") | X65: =VLOOKUP(D65,Type!A$2:B$17,2,FALSE) -> #N/A | Y65: =CONCATENATE("[""TYPE""] = ",REPT(" ",2-LEN(X65)),X65,"; ") -> #N/A | Z65: =TEXT(E65,0) -> 0 | AA65: =CONCATENATE("[""VXP""] = ",REPT(" ",1-LEN(Z65)),TEXT(Z65,"0"),"; ") -> ["VXP"] = 0; | AB65: =TEXT(G65,0) -> 0 | AC65: =CONCATENATE("[""LP""] = ",REPT(" ",1-LEN(AB65)),TEXT(AB65,"0"),"; ") -> ["LP"] = 0; | AD65: =TEXT(H65,0) -> 0 | AE65: =CONCATENATE("[""REP""] = ",REPT(" ",1-LEN(AD65)),TEXT(AD65,"0"),"; ") -> ["REP"] = 0; | AF65: =VLOOKUP(I65,Faction!A$2:B$77,2,FALSE) -> #N/A | AG65: =CONCATENATE("[""FACTION""] = ",TEXT(AF65,"0"),"; ") -> #N/A | AH65: =IF(L65>0,CONCATENATE("[""TIER""] = ",TEXT(L65,"0"),"; "),"") | AI65: =CONCATENATE("[""NAME""] = { [""EN""] = """,C65,"""; }; ") -> ["NAME"] = { ["EN"] = "All the Birds of Lothlórien"; }; | AJ65: =CONCATENATE("[""LORE""] = { [""EN""] = """,K65,"""; }; ") -> ["LORE"] = { ["EN"] = ""; }; | AK65: =CONCATENATE("[""SUMMARY""] = { [""EN""] = """,J65,"""; }; ") -> ["SUMMARY"] = { ["EN"] = ""; }; | AL65: =IF(LEN(F65)>0,CONCATENATE("[""TITLE""] = { [""EN""] = """,F65,"""; }; "),"") | AM65: =CONCATENATE("};") -> };
A66: 1879501133 | C66: Birds of Lothlórien: Common and Uncommon | L66: 1 | O66: =IF(AND(A66>0,L66>0),CONCATENATE("[",A66,"] = ",L66,", // ",C66),"") -> [1879501133] = 1, // Birds of Lothlórien: Common and Uncommon | P66: =CONCATENATE(S66,U66,V66,AH66,AM66," -- ",C66) -> [65] = {["ID"] = 1879501133; ["TIER"] = 1; }; -- Birds of Lothlórien: Common and Uncommon | Q66: =CONCATENATE(S66,T66,W66,Y66,AA66,AC66,AE66,AG66,AH66,AI66,AJ66,AK66,AL66,AM66) -> #N/A | R66: =ROW()-1 -> 65 | S66: =CONCATENATE(REPT(" ",3-LEN(R66)),"[",R66,"] = {") -> [65] = { | T66: =IF(LEN(A66)>0,CONCATENATE("[""ID""] = ",A66,"; ")," ") -> ["ID"] = 1879501133; | U66: =IF(LEN(A66)>0,CONCATENATE("[""ID""] = ",A66,"; "),"") -> ["ID"] = 1879501133; | V66: =IF(LEN(M66)>0,CONCATENATE("[""CAT_ID""] = ",M66,"; "),"") | W66: =IF(LEN(B66)>0,CONCATENATE("[""SAVE_INDEX""] = ",REPT(" ",1-LEN(B66)),B66,"; "),"") | X66: =VLOOKUP(D66,Type!A$2:B$17,2,FALSE) -> #N/A | Y66: =CONCATENATE("[""TYPE""] = ",REPT(" ",2-LEN(X66)),X66,"; ") -> #N/A | Z66: =TEXT(E66,0) -> 0 | AA66: =CONCATENATE("[""VXP""] = ",REPT(" ",1-LEN(Z66)),TEXT(Z66,"0"),"; ") -> ["VXP"] = 0; | AB66: =TEXT(G66,0) -> 0 | AC66: =CONCATENATE("[""LP""] = ",REPT(" ",1-LEN(AB66)),TEXT(AB66,"0"),"; ") -> ["LP"] = 0; | AD66: =TEXT(H66,0) -> 0 | AE66: =CONCATENATE("[""REP""] = ",REPT(" ",1-LEN(AD66)),TEXT(AD66,"0"),"; ") -> ["REP"] = 0; | AF66: =VLOOKUP(I66,Faction!A$2:B$77,2,FALSE) -> #N/A | AG66: =CONCATENATE("[""FACTION""] = ",TEXT(AF66,"0"),"; ") -> #N/A | AH66: =IF(L66>0,CONCATENATE("[""TIER""] = ",TEXT(L66,"0"),"; "),"") -> ["TIER"] = 1; | AI66: =CONCATENATE("[""NAME""] = { [""EN""] = """,C66,"""; }; ") -> ["NAME"] = { ["EN"] = "Birds of Lothlórien: Common and Uncommon"; }; | AJ66: =CONCATENATE("[""LORE""] = { [""EN""] = """,K66,"""; }; ") -> ["LORE"] = { ["EN"] = ""; }; | AK66: =CONCATENATE("[""SUMMARY""] = { [""EN""] = """,J66,"""; }; ") -> ["SUMMARY"] = { ["EN"] = ""; }; | AL66: =IF(LEN(F66)>0,CONCATENATE("[""TITLE""] = { [""EN""] = """,F66,"""; }; "),"") | AM66: =CONCATENATE("};") -> };
A67: 1879501131 | C67: Birds of Lothlórien: Rare | L67: 1 | O67: =IF(AND(A67>0,L67>0),CONCATENATE("[",A67,"] = ",L67,", // ",C67),"") -> [1879501131] = 1, // Birds of Lothlórien: Rare | P67: =CONCATENATE(S67,U67,V67,AH67,AM67," -- ",C67) -> [66] = {["ID"] = 1879501131; ["TIER"] = 1; }; -- Birds of Lothlórien: Rare | Q67: =CONCATENATE(S67,T67,W67,Y67,AA67,AC67,AE67,AG67,AH67,AI67,AJ67,AK67,AL67,AM67) -> #N/A | R67: =ROW()-1 -> 66 | S67: =CONCATENATE(REPT(" ",3-LEN(R67)),"[",R67,"] = {") -> [66] = { | T67: =IF(LEN(A67)>0,CONCATENATE("[""ID""] = ",A67,"; ")," ") -> ["ID"] = 1879501131; | U67: =IF(LEN(A67)>0,CONCATENATE("[""ID""] = ",A67,"; "),"") -> ["ID"] = 1879501131; | V67: =IF(LEN(M67)>0,CONCATENATE("[""CAT_ID""] = ",M67,"; "),"") | W67: =IF(LEN(B67)>0,CONCATENATE("[""SAVE_INDEX""] = ",REPT(" ",1-LEN(B67)),B67,"; "),"") | X67: =VLOOKUP(D67,Type!A$2:B$17,2,FALSE) -> #N/A | Y67: =CONCATENATE("[""TYPE""] = ",REPT(" ",2-LEN(X67)),X67,"; ") -> #N/A | Z67: =TEXT(E67,0) -> 0 | AA67: =CONCATENATE("[""VXP""] = ",REPT(" ",1-LEN(Z67)),TEXT(Z67,"0"),"; ") -> ["VXP"] = 0; | AB67: =TEXT(G67,0) -> 0 | AC67: =CONCATENATE("[""LP""] = ",REPT(" ",1-LEN(AB67)),TEXT(AB67,"0"),"; ") -> ["LP"] = 0; | AD67: =TEXT(H67,0) -> 0 | AE67: =CONCATENATE("[""REP""] = ",REPT(" ",1-LEN(AD67)),TEXT(AD67,"0"),"; ") -> ["REP"] = 0; | AF67: =VLOOKUP(I67,Faction!A$2:B$77,2,FALSE) -> #N/A | AG67: =CONCATENATE("[""FACTION""] = ",TEXT(AF67,"0"),"; ") -> #N/A | AH67: =IF(L67>0,CONCATENATE("[""TIER""] = ",TEXT(L67,"0"),"; "),"") -> ["TIER"] = 1; | AI67: =CONCATENATE("[""NAME""] = { [""EN""] = """,C67,"""; }; ") -> ["NAME"] = { ["EN"] = "Birds of Lothlórien: Rare"; }; | AJ67: =CONCATENATE("[""LORE""] = { [""EN""] = """,K67,"""; }; ") -> ["LORE"] = { ["EN"] = ""; }; | AK67: =CONCATENATE("[""SUMMARY""] = { [""EN""] = """,J67,"""; }; ") -> ["SUMMARY"] = { ["EN"] = ""; }; | AL67: =IF(LEN(F67)>0,CONCATENATE("[""TITLE""] = { [""EN""] = """,F67,"""; }; "),"") | AM67: =CONCATENATE("};") -> };
A68: 1879501134 | C68: The Rarest Bird in Lothlórien | L68: 1 | O68: =IF(AND(A68>0,L68>0),CONCATENATE("[",A68,"] = ",L68,", // ",C68),"") -> [1879501134] = 1, // The Rarest Bird in Lothlórien | P68: =CONCATENATE(S68,U68,V68,AH68,AM68," -- ",C68) -> [67] = {["ID"] = 1879501134; ["TIER"] = 1; }; -- The Rarest Bird in Lothlórien | Q68: =CONCATENATE(S68,T68,W68,Y68,AA68,AC68,AE68,AG68,AH68,AI68,AJ68,AK68,AL68,AM68) -> #N/A | R68: =ROW()-1 -> 67 | S68: =CONCATENATE(REPT(" ",3-LEN(R68)),"[",R68,"] = {") -> [67] = { | T68: =IF(LEN(A68)>0,CONCATENATE("[""ID""] = ",A68,"; ")," ") -> ["ID"] = 1879501134; | U68: =IF(LEN(A68)>0,CONCATENATE("[""ID""] = ",A68,"; "),"") -> ["ID"] = 1879501134; | V68: =IF(LEN(M68)>0,CONCATENATE("[""CAT_ID""] = ",M68,"; "),"") | W68: =IF(LEN(B68)>0,CONCATENATE("[""SAVE_INDEX""] = ",REPT(" ",1-LEN(B68)),B68,"; "),"") | X68: =VLOOKUP(D68,Type!A$2:B$17,2,FALSE) -> #N/A | Y68: =CONCATENATE("[""TYPE""] = ",REPT(" ",2-LEN(X68)),X68,"; ") -> #N/A | Z68: =TEXT(E68,0) -> 0 | AA68: =CONCATENATE("[""VXP""] = ",REPT(" ",1-LEN(Z68)),TEXT(Z68,"0"),"; ") -> ["VXP"] = 0; | AB68: =TEXT(G68,0) -> 0 | AC68: =CONCATENATE("[""LP""] = ",REPT(" ",1-LEN(AB68)),TEXT(AB68,"0"),"; ") -> ["LP"] = 0; | AD68: =TEXT(H68,0) -> 0 | AE68: =CONCATENATE("[""REP""] = ",REPT(" ",1-LEN(AD68)),TEXT(AD68,"0"),"; ") -> ["REP"] = 0; | AF68: =VLOOKUP(I68,Faction!A$2:B$77,2,FALSE) -> #N/A | AG68: =CONCATENATE("[""FACTION""] = ",TEXT(AF68,"0"),"; ") -> #N/A | AH68: =IF(L68>0,CONCATENATE("[""TIER""] = ",TEXT(L68,"0"),"; "),"") -> ["TIER"] = 1; | AI68: =CONCATENATE("[""NAME""] = { [""EN""] = """,C68,"""; }; ") -> ["NAME"] = { ["EN"] = "The Rarest Bird in Lothlórien"; }; | AJ68: =CONCATENATE("[""LORE""] = { [""EN""] = """,K68,"""; }; ") -> ["LORE"] = { ["EN"] = ""; }; | AK68: =CONCATENATE("[""SUMMARY""] = { [""EN""] = """,J68,"""; }; ") -> ["SUMMARY"] = { ["EN"] = ""; }; | AL68: =IF(LEN(F68)>0,CONCATENATE("[""TITLE""] = { [""EN""] = """,F68,"""; }; "),"") | AM68: =CONCATENATE("};") -> };
A69: 1879501164 | C69: All the Birds of Mirkwood | L69: 0 | O69: =IF(AND(A69>0,L69>0),CONCATENATE("[",A69,"] = ",L69,", // ",C69),"") | P69: =CONCATENATE(S69,U69,V69,AH69,AM69," -- ",C69) -> [68] = {["ID"] = 1879501164; }; -- All the Birds of Mirkwood | Q69: =CONCATENATE(S69,T69,W69,Y69,AA69,AC69,AE69,AG69,AH69,AI69,AJ69,AK69,AL69,AM69) -> #N/A | R69: =ROW()-1 -> 68 | S69: =CONCATENATE(REPT(" ",3-LEN(R69)),"[",R69,"] = {") -> [68] = { | T69: =IF(LEN(A69)>0,CONCATENATE("[""ID""] = ",A69,"; ")," ") -> ["ID"] = 1879501164; | U69: =IF(LEN(A69)>0,CONCATENATE("[""ID""] = ",A69,"; "),"") -> ["ID"] = 1879501164; | V69: =IF(LEN(M69)>0,CONCATENATE("[""CAT_ID""] = ",M69,"; "),"") | W69: =IF(LEN(B69)>0,CONCATENATE("[""SAVE_INDEX""] = ",REPT(" ",1-LEN(B69)),B69,"; "),"") | X69: =VLOOKUP(D69,Type!A$2:B$17,2,FALSE) -> #N/A | Y69: =CONCATENATE("[""TYPE""] = ",REPT(" ",2-LEN(X69)),X69,"; ") -> #N/A | Z69: =TEXT(E69,0) -> 0 | AA69: =CONCATENATE("[""VXP""] = ",REPT(" ",1-LEN(Z69)),TEXT(Z69,"0"),"; ") -> ["VXP"] = 0; | AB69: =TEXT(G69,0) -> 0 | AC69: =CONCATENATE("[""LP""] = ",REPT(" ",1-LEN(AB69)),TEXT(AB69,"0"),"; ") -> ["LP"] = 0; | AD69: =TEXT(H69,0) -> 0 | AE69: =CONCATENATE("[""REP""] = ",REPT(" ",1-LEN(AD69)),TEXT(AD69,"0"),"; ") -> ["REP"] = 0; | AF69: =VLOOKUP(I69,Faction!A$2:B$77,2,FALSE) -> #N/A | AG69: =CONCATENATE("[""FACTION""] = ",TEXT(AF69,"0"),"; ") -> #N/A | AH69: =IF(L69>0,CONCATENATE("[""TIER""] = ",TEXT(L69,"0"),"; "),"") | AI69: =CONCATENATE("[""NAME""] = { [""EN""] = """,C69,"""; }; ") -> ["NAME"] = { ["EN"] = "All the Birds of Mirkwood"; }; | AJ69: =CONCATENATE("[""LORE""] = { [""EN""] = """,K69,"""; }; ") -> ["LORE"] = { ["EN"] = ""; }; | AK69: =CONCATENATE("[""SUMMARY""] = { [""EN""] = """,J69,"""; }; ") -> ["SUMMARY"] = { ["EN"] = ""; }; | AL69: =IF(LEN(F69)>0,CONCATENATE("[""TITLE""] = { [""EN""] = """,F69,"""; }; "),"") | AM69: =CONCATENATE("};") -> };
A70: 1879501162 | C70: Birds of Mirkwood: Common and Uncommon | L70: 1 | O70: =IF(AND(A70>0,L70>0),CONCATENATE("[",A70,"] = ",L70,", // ",C70),"") -> [1879501162] = 1, // Birds of Mirkwood: Common and Uncommon | P70: =CONCATENATE(S70,U70,V70,AH70,AM70," -- ",C70) -> [69] = {["ID"] = 1879501162; ["TIER"] = 1; }; -- Birds of Mirkwood: Common and Uncommon | Q70: =CONCATENATE(S70,T70,W70,Y70,AA70,AC70,AE70,AG70,AH70,AI70,AJ70,AK70,AL70,AM70) -> #N/A | R70: =ROW()-1 -> 69 | S70: =CONCATENATE(REPT(" ",3-LEN(R70)),"[",R70,"] = {") -> [69] = { | T70: =IF(LEN(A70)>0,CONCATENATE("[""ID""] = ",A70,"; ")," ") -> ["ID"] = 1879501162; | U70: =IF(LEN(A70)>0,CONCATENATE("[""ID""] = ",A70,"; "),"") -> ["ID"] = 1879501162; | V70: =IF(LEN(M70)>0,CONCATENATE("[""CAT_ID""] = ",M70,"; "),"") | W70: =IF(LEN(B70)>0,CONCATENATE("[""SAVE_INDEX""] = ",REPT(" ",1-LEN(B70)),B70,"; "),"") | X70: =VLOOKUP(D70,Type!A$2:B$17,2,FALSE) -> #N/A | Y70: =CONCATENATE("[""TYPE""] = ",REPT(" ",2-LEN(X70)),X70,"; ") -> #N/A | Z70: =TEXT(E70,0) -> 0 | AA70: =CONCATENATE("[""VXP""] = ",REPT(" ",1-LEN(Z70)),TEXT(Z70,"0"),"; ") -> ["VXP"] = 0; | AB70: =TEXT(G70,0) -> 0 | AC70: =CONCATENATE("[""LP""] = ",REPT(" ",1-LEN(AB70)),TEXT(AB70,"0"),"; ") -> ["LP"] = 0; | AD70: =TEXT(H70,0) -> 0 | AE70: =CONCATENATE("[""REP""] = ",REPT(" ",1-LEN(AD70)),TEXT(AD70,"0"),"; ") -> ["REP"] = 0; | AF70: =VLOOKUP(I70,Faction!A$2:B$77,2,FALSE) -> #N/A | AG70: =CONCATENATE("[""FACTION""] = ",TEXT(AF70,"0"),"; ") -> #N/A | AH70: =IF(L70>0,CONCATENATE("[""TIER""] = ",TEXT(L70,"0"),"; "),"") -> ["TIER"] = 1; | AI70: =CONCATENATE("[""NAME""] = { [""EN""] = """,C70,"""; }; ") -> ["NAME"] = { ["EN"] = "Birds of Mirkwood: Common and Uncommon"; }; | AJ70: =CONCATENATE("[""LORE""] = { [""EN""] = """,K70,"""; }; ") -> ["LORE"] = { ["EN"] = ""; }; | AK70: =CONCATENATE("[""SUMMARY""] = { [""EN""] = """,J70,"""; }; ") -> ["SUMMARY"] = { ["EN"] = ""; }; | AL70: =IF(LEN(F70)>0,CONCATENATE("[""TITLE""] = { [""EN""] = """,F70,"""; }; "),"") | AM70: =CONCATENATE("};") -> };
A71: 1879501161 | C71: Birds of Mirkwood: Rare | L71: 1 | O71: =IF(AND(A71>0,L71>0),CONCATENATE("[",A71,"] = ",L71,", // ",C71),"") -> [1879501161] = 1, // Birds of Mirkwood: Rare | P71: =CONCATENATE(S71,U71,V71,AH71,AM71," -- ",C71) -> [70] = {["ID"] = 1879501161; ["TIER"] = 1; }; -- Birds of Mirkwood: Rare | Q71: =CONCATENATE(S71,T71,W71,Y71,AA71,AC71,AE71,AG71,AH71,AI71,AJ71,AK71,AL71,AM71) -> #N/A | R71: =ROW()-1 -> 70 | S71: =CONCATENATE(REPT(" ",3-LEN(R71)),"[",R71,"] = {") -> [70] = { | T71: =IF(LEN(A71)>0,CONCATENATE("[""ID""] = ",A71,"; ")," ") -> ["ID"] = 1879501161; | U71: =IF(LEN(A71)>0,CONCATENATE("[""ID""] = ",A71,"; "),"") -> ["ID"] = 1879501161; | V71: =IF(LEN(M71)>0,CONCATENATE("[""CAT_ID""] = ",M71,"; "),"") | W71: =IF(LEN(B71)>0,CONCATENATE("[""SAVE_INDEX""] = ",REPT(" ",1-LEN(B71)),B71,"; "),"") | X71: =VLOOKUP(D71,Type!A$2:B$17,2,FALSE) -> #N/A | Y71: =CONCATENATE("[""TYPE""] = ",REPT(" ",2-LEN(X71)),X71,"; ") -> #N/A | Z71: =TEXT(E71,0) -> 0 | AA71: =CONCATENATE("[""VXP""] = ",REPT(" ",1-LEN(Z71)),TEXT(Z71,"0"),"; ") -> ["VXP"] = 0; | AB71: =TEXT(G71,0) -> 0 | AC71: =CONCATENATE("[""LP""] = ",REPT(" ",1-LEN(AB71)),TEXT(AB71,"0"),"; ") -> ["LP"] = 0; | AD71: =TEXT(H71,0) -> 0 | AE71: =CONCATENATE("[""REP""] = ",REPT(" ",1-LEN(AD71)),TEXT(AD71,"0"),"; ") -> ["REP"] = 0; | AF71: =VLOOKUP(I71,Faction!A$2:B$77,2,FALSE) -> #N/A | AG71: =CONCATENATE("[""FACTION""] = ",TEXT(AF71,"0"),"; ") -> #N/A | AH71: =IF(L71>0,CONCATENATE("[""TIER""] = ",TEXT(L71,"0"),"; "),"") -> ["TIER"] = 1; | AI71: =CONCATENATE("[""NAME""] = { [""EN""] = """,C71,"""; }; ") -> ["NAME"] = { ["EN"] = "Birds of Mirkwood: Rare"; }; | AJ71: =CONCATENATE("[""LORE""] = { [""EN""] = """,K71,"""; }; ") -> ["LORE"] = { ["EN"] = ""; }; | AK71: =CONCATENATE("[""SUMMARY""] = { [""EN""] = """,J71,"""; }; ") -> ["SUMMARY"] = { ["EN"] = ""; }; | AL71: =IF(LEN(F71)>0,CONCATENATE("[""TITLE""] = { [""EN""] = """,F71,"""; }; "),"") | AM71: =CONCATENATE("};") -> };
A72: 1879501163 | C72: The Rarest Bird in Mirkwood | L72: 1 | O72: =IF(AND(A72>0,L72>0),CONCATENATE("[",A72,"] = ",L72,", // ",C72),"") -> [1879501163] = 1, // The Rarest Bird in Mirkwood | P72: =CONCATENATE(S72,U72,V72,AH72,AM72," -- ",C72) -> [71] = {["ID"] = 1879501163; ["TIER"] = 1; }; -- The Rarest Bird in Mirkwood | Q72: =CONCATENATE(S72,T72,W72,Y72,AA72,AC72,AE72,AG72,AH72,AI72,AJ72,AK72,AL72,AM72) -> #N/A | R72: =ROW()-1 -> 71 | S72: =CONCATENATE(REPT(" ",3-LEN(R72)),"[",R72,"] = {") -> [71] = { | T72: =IF(LEN(A72)>0,CONCATENATE("[""ID""] = ",A72,"; ")," ") -> ["ID"] = 1879501163; | U72: =IF(LEN(A72)>0,CONCATENATE("[""ID""] = ",A72,"; "),"") -> ["ID"] = 1879501163; | V72: =IF(LEN(M72)>0,CONCATENATE("[""CAT_ID""] = ",M72,"; "),"") | W72: =IF(LEN(B72)>0,CONCATENATE("[""SAVE_INDEX""] = ",REPT(" ",1-LEN(B72)),B72,"; "),"") | X72: =VLOOKUP(D72,Type!A$2:B$17,2,FALSE) -> #N/A | Y72: =CONCATENATE("[""TYPE""] = ",REPT(" ",2-LEN(X72)),X72,"; ") -> #N/A | Z72: =TEXT(E72,0) -> 0 | AA72: =CONCATENATE("[""VXP""] = ",REPT(" ",1-LEN(Z72)),TEXT(Z72,"0"),"; ") -> ["VXP"] = 0; | AB72: =TEXT(G72,0) -> 0 | AC72: =CONCATENATE("[""LP""] = ",REPT(" ",1-LEN(AB72)),TEXT(AB72,"0"),"; ") -> ["LP"] = 0; | AD72: =TEXT(H72,0) -> 0 | AE72: =CONCATENATE("[""REP""] = ",REPT(" ",1-LEN(AD72)),TEXT(AD72,"0"),"; ") -> ["REP"] = 0; | AF72: =VLOOKUP(I72,Faction!A$2:B$77,2,FALSE) -> #N/A | AG72: =CONCATENATE("[""FACTION""] = ",TEXT(AF72,"0"),"; ") -> #N/A | AH72: =IF(L72>0,CONCATENATE("[""TIER""] = ",TEXT(L72,"0"),"; "),"") -> ["TIER"] = 1; | AI72: =CONCATENATE("[""NAME""] = { [""EN""] = """,C72,"""; }; ") -> ["NAME"] = { ["EN"] = "The Rarest Bird in Mirkwood"; }; | AJ72: =CONCATENATE("[""LORE""] = { [""EN""] = """,K72,"""; }; ") -> ["LORE"] = { ["EN"] = ""; }; | AK72: =CONCATENATE("[""SUMMARY""] = { [""EN""] = """,J72,"""; }; ") -> ["SUMMARY"] = { ["EN"] = ""; }; | AL72: =IF(LEN(F72)>0,CONCATENATE("[""TITLE""] = { [""EN""] = """,F72,"""; }; "),"") | AM72: =CONCATENATE("};") -> };
A73: 1879501166 | C73: All the Birds of the Great River | L73: 0 | O73: =IF(AND(A73>0,L73>0),CONCATENATE("[",A73,"] = ",L73,", // ",C73),"") | P73: =CONCATENATE(S73,U73,V73,AH73,AM73," -- ",C73) -> [72] = {["ID"] = 1879501166; }; -- All the Birds of the Great River | Q73: =CONCATENATE(S73,T73,W73,Y73,AA73,AC73,AE73,AG73,AH73,AI73,AJ73,AK73,AL73,AM73) -> #N/A | R73: =ROW()-1 -> 72 | S73: =CONCATENATE(REPT(" ",3-LEN(R73)),"[",R73,"] = {") -> [72] = { | T73: =IF(LEN(A73)>0,CONCATENATE("[""ID""] = ",A73,"; ")," ") -> ["ID"] = 1879501166; | U73: =IF(LEN(A73)>0,CONCATENATE("[""ID""] = ",A73,"; "),"") -> ["ID"] = 1879501166; | V73: =IF(LEN(M73)>0,CONCATENATE("[""CAT_ID""] = ",M73,"; "),"") | W73: =IF(LEN(B73)>0,CONCATENATE("[""SAVE_INDEX""] = ",REPT(" ",1-LEN(B73)),B73,"; "),"") | X73: =VLOOKUP(D73,Type!A$2:B$17,2,FALSE) -> #N/A | Y73: =CONCATENATE("[""TYPE""] = ",REPT(" ",2-LEN(X73)),X73,"; ") -> #N/A | Z73: =TEXT(E73,0) -> 0 | AA73: =CONCATENATE("[""VXP""] = ",REPT(" ",1-LEN(Z73)),TEXT(Z73,"0"),"; ") -> ["VXP"] = 0; | AB73: =TEXT(G73,0) -> 0 | AC73: =CONCATENATE("[""LP""] = ",REPT(" ",1-LEN(AB73)),TEXT(AB73,"0"),"; ") -> ["LP"] = 0; | AD73: =TEXT(H73,0) -> 0 | AE73: =CONCATENATE("[""REP""] = ",REPT(" ",1-LEN(AD73)),TEXT(AD73,"0"),"; ") -> ["REP"] = 0; | AF73: =VLOOKUP(I73,Faction!A$2:B$77,2,FALSE) -> #N/A | AG73: =CONCATENATE("[""FACTION""] = ",TEXT(AF73,"0"),"; ") -> #N/A | AH73: =IF(L73>0,CONCATENATE("[""TIER""] = ",TEXT(L73,"0"),"; "),"") | AI73: =CONCATENATE("[""NAME""] = { [""EN""] = """,C73,"""; }; ") -> ["NAME"] = { ["EN"] = "All the Birds of the Great River"; }; | AJ73: =CONCATENATE("[""LORE""] = { [""EN""] = """,K73,"""; }; ") -> ["LORE"] = { ["EN"] = ""; }; | AK73: =CONCATENATE("[""SUMMARY""] = { [""EN""] = """,J73,"""; }; ") -> ["SUMMARY"] = { ["EN"] = ""; }; | AL73: =IF(LEN(F73)>0,CONCATENATE("[""TITLE""] = { [""EN""] = """,F73,"""; }; "),"") | AM73: =CONCATENATE("};") -> };
A74: 1879501167 | C74: Birds of the Great River: Common and Uncommon | L74: 1 | O74: =IF(AND(A74>0,L74>0),CONCATENATE("[",A74,"] = ",L74,", // ",C74),"") -> [1879501167] = 1, // Birds of the Great River: Common and Uncommon | P74: =CONCATENATE(S74,U74,V74,AH74,AM74," -- ",C74) -> [73] = {["ID"] = 1879501167; ["TIER"] = 1; }; -- Birds of the Great River: Common and Uncommon | Q74: =CONCATENATE(S74,T74,W74,Y74,AA74,AC74,AE74,AG74,AH74,AI74,AJ74,AK74,AL74,AM74) -> #N/A | R74: =ROW()-1 -> 73 | S74: =CONCATENATE(REPT(" ",3-LEN(R74)),"[",R74,"] = {") -> [73] = { | T74: =IF(LEN(A74)>0,CONCATENATE("[""ID""] = ",A74,"; ")," ") -> ["ID"] = 1879501167; | U74: =IF(LEN(A74)>0,CONCATENATE("[""ID""] = ",A74,"; "),"") -> ["ID"] = 1879501167; | V74: =IF(LEN(M74)>0,CONCATENATE("[""CAT_ID""] = ",M74,"; "),"") | W74: =IF(LEN(B74)>0,CONCATENATE("[""SAVE_INDEX""] = ",REPT(" ",1-LEN(B74)),B74,"; "),"") | X74: =VLOOKUP(D74,Type!A$2:B$17,2,FALSE) -> #N/A | Y74: =CONCATENATE("[""TYPE""] = ",REPT(" ",2-LEN(X74)),X74,"; ") -> #N/A | Z74: =TEXT(E74,0) -> 0 | AA74: =CONCATENATE("[""VXP""] = ",REPT(" ",1-LEN(Z74)),TEXT(Z74,"0"),"; ") -> ["VXP"] = 0; | AB74: =TEXT(G74,0) -> 0 | AC74: =CONCATENATE("[""LP""] = ",REPT(" ",1-LEN(AB74)),TEXT(AB74,"0"),"; ") -> ["LP"] = 0; | AD74: =TEXT(H74,0) -> 0 | AE74: =CONCATENATE("[""REP""] = ",REPT(" ",1-LEN(AD74)),TEXT(AD74,"0"),"; ") -> ["REP"] = 0; | AF74: =VLOOKUP(I74,Faction!A$2:B$77,2,FALSE) -> #N/A | AG74: =CONCATENATE("[""FACTION""] = ",TEXT(AF74,"0"),"; ") -> #N/A | AH74: =IF(L74>0,CONCATENATE("[""TIER""] = ",TEXT(L74,"0"),"; "),"") -> ["TIER"] = 1; | AI74: =CONCATENATE("[""NAME""] = { [""EN""] = """,C74,"""; }; ") -> ["NAME"] = { ["EN"] = "Birds of the Great River: Common and Uncommon"; }; | AJ74: =CONCATENATE("[""LORE""] = { [""EN""] = """,K74,"""; }; ") -> ["LORE"] = { ["EN"] = ""; }; | AK74: =CONCATENATE("[""SUMMARY""] = { [""EN""] = """,J74,"""; }; ") -> ["SUMMARY"] = { ["EN"] = ""; }; | AL74: =IF(LEN(F74)>0,CONCATENATE("[""TITLE""] = { [""EN""] = """,F74,"""; }; "),"") | AM74: =CONCATENATE("};") -> };
A75: 1879501168 | C75: Birds of the Great River: Rare | L75: 1 | O75: =IF(AND(A75>0,L75>0),CONCATENATE("[",A75,"] = ",L75,", // ",C75),"") -> [1879501168] = 1, // Birds of the Great River: Rare | P75: =CONCATENATE(S75,U75,V75,AH75,AM75," -- ",C75) -> [74] = {["ID"] = 1879501168; ["TIER"] = 1; }; -- Birds of the Great River: Rare | Q75: =CONCATENATE(S75,T75,W75,Y75,AA75,AC75,AE75,AG75,AH75,AI75,AJ75,AK75,AL75,AM75) -> #N/A | R75: =ROW()-1 -> 74 | S75: =CONCATENATE(REPT(" ",3-LEN(R75)),"[",R75,"] = {") -> [74] = { | T75: =IF(LEN(A75)>0,CONCATENATE("[""ID""] = ",A75,"; ")," ") -> ["ID"] = 1879501168; | U75: =IF(LEN(A75)>0,CONCATENATE("[""ID""] = ",A75,"; "),"") -> ["ID"] = 1879501168; | V75: =IF(LEN(M75)>0,CONCATENATE("[""CAT_ID""] = ",M75,"; "),"") | W75: =IF(LEN(B75)>0,CONCATENATE("[""SAVE_INDEX""] = ",REPT(" ",1-LEN(B75)),B75,"; "),"") | X75: =VLOOKUP(D75,Type!A$2:B$17,2,FALSE) -> #N/A | Y75: =CONCATENATE("[""TYPE""] = ",REPT(" ",2-LEN(X75)),X75,"; ") -> #N/A | Z75: =TEXT(E75,0) -> 0 | AA75: =CONCATENATE("[""VXP""] = ",REPT(" ",1-LEN(Z75)),TEXT(Z75,"0"),"; ") -> ["VXP"] = 0; | AB75: =TEXT(G75,0) -> 0 | AC75: =CONCATENATE("[""LP""] = ",REPT(" ",1-LEN(AB75)),TEXT(AB75,"0"),"; ") -> ["LP"] = 0; | AD75: =TEXT(H75,0) -> 0 | AE75: =CONCATENATE("[""REP""] = ",REPT(" ",1-LEN(AD75)),TEXT(AD75,"0"),"; ") -> ["REP"] = 0; | AF75: =VLOOKUP(I75,Faction!A$2:B$77,2,FALSE) -> #N/A | AG75: =CONCATENATE("[""FACTION""] = ",TEXT(AF75,"0"),"; ") -> #N/A | AH75: =IF(L75>0,CONCATENATE("[""TIER""] = ",TEXT(L75,"0"),"; "),"") -> ["TIER"] = 1; | AI75: =CONCATENATE("[""NAME""] = { [""EN""] = """,C75,"""; }; ") -> ["NAME"] = { ["EN"] = "Birds of the Great River: Rare"; }; | AJ75: =CONCATENATE("[""LORE""] = { [""EN""] = """,K75,"""; }; ") -> ["LORE"] = { ["EN"] = ""; }; | AK75: =CONCATENATE("[""SUMMARY""] = { [""EN""] = """,J75,"""; }; ") -> ["SUMMARY"] = { ["EN"] = ""; }; | AL75: =IF(LEN(F75)>0,CONCATENATE("[""TITLE""] = { [""EN""] = """,F75,"""; }; "),"") | AM75: =CONCATENATE("};") -> };
A76: 1879501165 | C76: The Rarest Bird of the Great River | L76: 1 | O76: =IF(AND(A76>0,L76>0),CONCATENATE("[",A76,"] = ",L76,", // ",C76),"") -> [1879501165] = 1, // The Rarest Bird of the Great River | P76: =CONCATENATE(S76,U76,V76,AH76,AM76," -- ",C76) -> [75] = {["ID"] = 1879501165; ["TIER"] = 1; }; -- The Rarest Bird of the Great River | Q76: =CONCATENATE(S76,T76,W76,Y76,AA76,AC76,AE76,AG76,AH76,AI76,AJ76,AK76,AL76,AM76) -> #N/A | R76: =ROW()-1 -> 75 | S76: =CONCATENATE(REPT(" ",3-LEN(R76)),"[",R76,"] = {") -> [75] = { | T76: =IF(LEN(A76)>0,CONCATENATE("[""ID""] = ",A76,"; ")," ") -> ["ID"] = 1879501165; | U76: =IF(LEN(A76)>0,CONCATENATE("[""ID""] = ",A76,"; "),"") -> ["ID"] = 1879501165; | V76: =IF(LEN(M76)>0,CONCATENATE("[""CAT_ID""] = ",M76,"; "),"") | W76: =IF(LEN(B76)>0,CONCATENATE("[""SAVE_INDEX""] = ",REPT(" ",1-LEN(B76)),B76,"; "),"") | X76: =VLOOKUP(D76,Type!A$2:B$17,2,FALSE) -> #N/A | Y76: =CONCATENATE("[""TYPE""] = ",REPT(" ",2-LEN(X76)),X76,"; ") -> #N/A | Z76: =TEXT(E76,0) -> 0 | AA76: =CONCATENATE("[""VXP""] = ",REPT(" ",1-LEN(Z76)),TEXT(Z76,"0"),"; ") -> ["VXP"] = 0; | AB76: =TEXT(G76,0) -> 0 | AC76: =CONCATENATE("[""LP""] = ",REPT(" ",1-LEN(AB76)),TEXT(AB76,"0"),"; ") -> ["LP"] = 0; | AD76: =TEXT(H76,0) -> 0 | AE76: =CONCATENATE("[""REP""] = ",REPT(" ",1-LEN(AD76)),TEXT(AD76,"0"),"; ") -> ["REP"] = 0; | AF76: =VLOOKUP(I76,Faction!A$2:B$77,2,FALSE) -> #N/A | AG76: =CONCATENATE("[""FACTION""] = ",TEXT(AF76,"0"),"; ") -> #N/A | AH76: =IF(L76>0,CONCATENATE("[""TIER""] = ",TEXT(L76,"0"),"; "),"") -> ["TIER"] = 1; | AI76: =CONCATENATE("[""NAME""] = { [""EN""] = """,C76,"""; }; ") -> ["NAME"] = { ["EN"] = "The Rarest Bird of the Great River"; }; | AJ76: =CONCATENATE("[""LORE""] = { [""EN""] = """,K76,"""; }; ") -> ["LORE"] = { ["EN"] = ""; }; | AK76: =CONCATENATE("[""SUMMARY""] = { [""EN""] = """,J76,"""; }; ") -> ["SUMMARY"] = { ["EN"] = ""; }; | AL76: =IF(LEN(F76)>0,CONCATENATE("[""TITLE""] = { [""EN""] = """,F76,"""; }; "),"") | AM76: =CONCATENATE("};") -> };
... A101: 1879501776 | C101: The Rarest of Birds in Rohan and the Great River | L101: 0 | O101: =IF(AND(A101>0,L101>0),CONCATENATE("[",A101,"] = ",L101,", // ",C101),"") | P101: =CONCATENATE(S101,U101,V101,AH101,AM101," -- ",C101) -> [100] = {["ID"] = 1879501776; }; -- The Rarest of Birds in Rohan and the Great River | Q101: =CONCATENATE(S101,T101,W101,Y101,AA101,AC101,AE101,AG101,AH101,AI101,AJ101,AK101,AL101,AM101) -> #N/A | R101: =ROW()-1 -> 100 | S101: =CONCATENATE(REPT(" ",3-LEN(R101)),"[",R101,"] = {") -> [100] = { | T101: =IF(LEN(A101)>0,CONCATENATE("[""ID""] = ",A101,"; ")," ") -> ["ID"] = 1879501776; | U101: =IF(LEN(A101)>0,CONCATENATE("[""ID""] = ",A101,"; "),"") -> ["ID"] = 1879501776; | V101: =IF(LEN(M101)>0,CONCATENATE("[""CAT_ID""] = ",M101,"; "),"") | W101: =IF(LEN(B101)>0,CONCATENATE("[""SAVE_INDEX""] = ",REPT(" ",1-LEN(B101)),B101,"; "),"") | X101: =VLOOKUP(D101,Type!A$2:B$17,2,FALSE) -> #N/A | Y101: =CONCATENATE("[""TYPE""] = ",REPT(" ",2-LEN(X101)),X101,"; ") -> #N/A | Z101: =TEXT(E101,0) -> 0 | AA101: =CONCATENATE("[""VXP""] = ",REPT(" ",1-LEN(Z101)),TEXT(Z101,"0"),"; ") -> ["VXP"] = 0; | AB101: =TEXT(G101,0) -> 0 | AC101: =CONCATENATE("[""LP""] = ",REPT(" ",1-LEN(AB101)),TEXT(AB101,"0"),"; ") -> ["LP"] = 0; | AD101: =TEXT(H101,0) -> 0 | AE101: =CONCATENATE("[""REP""] = ",REPT(" ",1-LEN(AD101)),TEXT(AD101,"0"),"; ") -> ["REP"] = 0; | AF101: =VLOOKUP(I101,Faction!A$2:B$77,2,FALSE) -> #N/A | AG101: =CONCATENATE("[""FACTION""] = ",TEXT(AF101,"0"),"; ") -> #N/A | AH101: =IF(L101>0,CONCATENATE("[""TIER""] = ",TEXT(L101,"0"),"; "),"") | AI101: =CONCATENATE("[""NAME""] = { [""EN""] = """,C101,"""; }; ") -> ["NAME"] = { ["EN"] = "The Rarest of Birds in Rohan and the Great River"; }; | AJ101: =CONCATENATE("[""LORE""] = { [""EN""] = """,K101,"""; }; ") -> ["LORE"] = { ["EN"] = ""; }; | AK101: =CONCATENATE("[""SUMMARY""] = { [""EN""] = """,J101,"""; }; ") -> ["SUMMARY"] = { ["EN"] = ""; }; | AL101: =IF(LEN(F101)>0,CONCATENATE("[""TITLE""] = { [""EN""] = """,F101,"""; }; "),"") | AM101: =CONCATENATE("};") -> };
C102: Gondor and Mordor | D102: Category | M102: 326 | O102: =IF(AND(A102>0,L102>0),CONCATENATE("[",A102,"] = ",L102,", // ",C102),"") | P102: =CONCATENATE(S102,U102,V102,AH102,AM102," -- ",C102) -> [101] = {["CAT_ID"] = 326; }; -- Gondor and Mordor | Q102: =CONCATENATE(S102,T102,W102,Y102,AA102,AC102,AE102,AG102,AH102,AI102,AJ102,AK102,AL102,AM102) -> #N/A | R102: =ROW()-1 -> 101 | S102: =CONCATENATE(REPT(" ",3-LEN(R102)),"[",R102,"] = {") -> [101] = { | T102: =IF(LEN(A102)>0,CONCATENATE("[""ID""] = ",A102,"; ")," ") | U102: =IF(LEN(A102)>0,CONCATENATE("[""ID""] = ",A102,"; "),"") | V102: =IF(LEN(M102)>0,CONCATENATE("[""CAT_ID""] = ",M102,"; "),"") -> ["CAT_ID"] = 326; | W102: =IF(LEN(B102)>0,CONCATENATE("[""SAVE_INDEX""] = ",REPT(" ",1-LEN(B102)),B102,"; "),"") | X102: =VLOOKUP(D102,Type!A$2:B$17,2,FALSE) -> 14 | Y102: =CONCATENATE("[""TYPE""] = ",REPT(" ",2-LEN(X102)),X102,"; ") -> ["TYPE"] = 14; | Z102: =TEXT(E102,0) -> 0 | AA102: =CONCATENATE("[""VXP""] = ",REPT(" ",1-LEN(Z102)),TEXT(Z102,"0"),"; ") -> ["VXP"] = 0; | AB102: =TEXT(G102,0) -> 0 | AC102: =CONCATENATE("[""LP""] = ",REPT(" ",1-LEN(AB102)),TEXT(AB102,"0"),"; ") -> ["LP"] = 0; | AD102: =TEXT(H102,0) -> 0 | AE102: =CONCATENATE("[""REP""] = ",REPT(" ",1-LEN(AD102)),TEXT(AD102,"0"),"; ") -> ["REP"] = 0; | AF102: =VLOOKUP(I102,Faction!A$2:B$77,2,FALSE) -> #N/A | AG102: =CONCATENATE("[""FACTION""] = ",TEXT(AF102,"0"),"; ") -> #N/A | AH102: =IF(L102>0,CONCATENATE("[""TIER""] = ",TEXT(L102,"0"),"; "),"") | AI102: =CONCATENATE("[""NAME""] = { [""EN""] = """,C102,"""; }; ") -> ["NAME"] = { ["EN"] = "Gondor and Mordor"; }; | AJ102: =CONCATENATE("[""LORE""] = { [""EN""] = """,K102,"""; }; ") -> ["LORE"] = { ["EN"] = ""; }; | AK102: =CONCATENATE("[""SUMMARY""] = { [""EN""] = """,J102,"""; }; ") -> ["SUMMARY"] = { ["EN"] = ""; }; | AL102: =IF(LEN(F102)>0,CONCATENATE("[""TITLE""] = { [""EN""] = """,F102,"""; }; "),"") | AM102: =CONCATENATE("};") -> };
A103: 1879507928 | C103: All the Birds of Lamedon | L103: 0 | O103: =IF(AND(A103>0,L103>0),CONCATENATE("[",A103,"] = ",L103,", // ",C103),"") | P103: =CONCATENATE(S103,U103,V103,AH103,AM103," -- ",C103) -> [102] = {["ID"] = 1879507928; }; -- All the Birds of Lamedon | Q103: =CONCATENATE(S103,T103,W103,Y103,AA103,AC103,AE103,AG103,AH103,AI103,AJ103,AK103,AL103,AM103) -> #N/A | R103: =ROW()-1 -> 102 | S103: =CONCATENATE(REPT(" ",3-LEN(R103)),"[",R103,"] = {") -> [102] = { | T103: =IF(LEN(A103)>0,CONCATENATE("[""ID""] = ",A103,"; ")," ") -> ["ID"] = 1879507928; | U103: =IF(LEN(A103)>0,CONCATENATE("[""ID""] = ",A103,"; "),"") -> ["ID"] = 1879507928; | V103: =IF(LEN(M103)>0,CONCATENATE("[""CAT_ID""] = ",M103,"; "),"") | W103: =IF(LEN(B103)>0,CONCATENATE("[""SAVE_INDEX""] = ",REPT(" ",1-LEN(B103)),B103,"; "),"") | X103: =VLOOKUP(D103,Type!A$2:B$17,2,FALSE) -> #N/A | Y103: =CONCATENATE("[""TYPE""] = ",REPT(" ",2-LEN(X103)),X103,"; ") -> #N/A | Z103: =TEXT(E103,0) -> 0 | AA103: =CONCATENATE("[""VXP""] = ",REPT(" ",1-LEN(Z103)),TEXT(Z103,"0"),"; ") -> ["VXP"] = 0; | AB103: =TEXT(G103,0) -> 0 | AC103: =CONCATENATE("[""LP""] = ",REPT(" ",1-LEN(AB103)),TEXT(AB103,"0"),"; ") -> ["LP"] = 0; | AD103: =TEXT(H103,0) -> 0 | AE103: =CONCATENATE("[""REP""] = ",REPT(" ",1-LEN(AD103)),TEXT(AD103,"0"),"; ") -> ["REP"] = 0; | AF103: =VLOOKUP(I103,Faction!A$2:B$77,2,FALSE) -> #N/A | AG103: =CONCATENATE("[""FACTION""] = ",TEXT(AF103,"0"),"; ") -> #N/A | AH103: =IF(L103>0,CONCATENATE("[""TIER""] = ",TEXT(L103,"0"),"; "),"") | AI103: =CONCATENATE("[""NAME""] = { [""EN""] = """,C103,"""; }; ") -> ["NAME"] = { ["EN"] = "All the Birds of Lamedon"; }; | AJ103: =CONCATENATE("[""LORE""] = { [""EN""] = """,K103,"""; }; ") -> ["LORE"] = { ["EN"] = ""; }; | AK103: =CONCATENATE("[""SUMMARY""] = { [""EN""] = """,J103,"""; }; ") -> ["SUMMARY"] = { ["EN"] = ""; }; | AL103: =IF(LEN(F103)>0,CONCATENATE("[""TITLE""] = { [""EN""] = """,F103,"""; }; "),"") | AM103: =CONCATENATE("};") -> };
A104: 1879507930 | C104: Birds of Lamedon: Common and Uncommon | L104: 1 | O104: =IF(AND(A104>0,L104>0),CONCATENATE("[",A104,"] = ",L104,", // ",C104),"") -> [1879507930] = 1, // Birds of Lamedon: Common and Uncommon | P104: =CONCATENATE(S104,U104,V104,AH104,AM104," -- ",C104) -> [103] = {["ID"] = 1879507930; ["TIER"] = 1; }; -- Birds of Lamedon: Common and Uncommon | Q104: =CONCATENATE(S104,T104,W104,Y104,AA104,AC104,AE104,AG104,AH104,AI104,AJ104,AK104,AL104,AM104) -> #N/A | R104: =ROW()-1 -> 103 | S104: =CONCATENATE(REPT(" ",3-LEN(R104)),"[",R104,"] = {") -> [103] = { | T104: =IF(LEN(A104)>0,CONCATENATE("[""ID""] = ",A104,"; ")," ") -> ["ID"] = 1879507930; | U104: =IF(LEN(A104)>0,CONCATENATE("[""ID""] = ",A104,"; "),"") -> ["ID"] = 1879507930; | V104: =IF(LEN(M104)>0,CONCATENATE("[""CAT_ID""] = ",M104,"; "),"") | W104: =IF(LEN(B104)>0,CONCATENATE("[""SAVE_INDEX""] = ",REPT(" ",1-LEN(B104)),B104,"; "),"") | X104: =VLOOKUP(D104,Type!A$2:B$17,2,FALSE) -> #N/A | Y104: =CONCATENATE("[""TYPE""] = ",REPT(" ",2-LEN(X104)),X104,"; ") -> #N/A | Z104: =TEXT(E104,0) -> 0 | AA104: =CONCATENATE("[""VXP""] = ",REPT(" ",1-LEN(Z104)),TEXT(Z104,"0"),"; ") -> ["VXP"] = 0; | AB104: =TEXT(G104,0) -> 0 | AC104: =CONCATENATE("[""LP""] = ",REPT(" ",1-LEN(AB104)),TEXT(AB104,"0"),"; ") -> ["LP"] = 0; | AD104: =TEXT(H104,0) -> 0 | AE104: =CONCATENATE("[""REP""] = ",REPT(" ",1-LEN(AD104)),TEXT(AD104,"0"),"; ") -> ["REP"] = 0; | AF104: =VLOOKUP(I104,Faction!A$2:B$77,2,FALSE) -> #N/A | AG104: =CONCATENATE("[""FACTION""] = ",TEXT(AF104,"0"),"; ") -> #N/A | AH104: =IF(L104>0,CONCATENATE("[""TIER""] = ",TEXT(L104,"0"),"; "),"") -> ["TIER"] = 1; | AI104: =CONCATENATE("[""NAME""] = { [""EN""] = """,C104,"""; }; ") -> ["NAME"] = { ["EN"] = "Birds of Lamedon: Common and Uncommon"; }; | AJ104: =CONCATENATE("[""LORE""] = { [""EN""] = """,K104,"""; }; ") -> ["LORE"] = { ["EN"] = ""; }; | AK104: =CONCATENATE("[""SUMMARY""] = { [""EN""] = """,J104,"""; }; ") -> ["SUMMARY"] = { ["EN"] = ""; }; | AL104: =IF(LEN(F104)>0,CONCATENATE("[""TITLE""] = { [""EN""] = """,F104,"""; }; "),"") | AM104: =CONCATENATE("};") -> };
A105: 1879507929 | C105: Birds of Lamedon: Rare | L105: 1 | O105: =IF(AND(A105>0,L105>0),CONCATENATE("[",A105,"] = ",L105,", // ",C105),"") -> [1879507929] = 1, // Birds of Lamedon: Rare | P105: =CONCATENATE(S105,U105,V105,AH105,AM105," -- ",C105) -> [104] = {["ID"] = 1879507929; ["TIER"] = 1; }; -- Birds of Lamedon: Rare | Q105: =CONCATENATE(S105,T105,W105,Y105,AA105,AC105,AE105,AG105,AH105,AI105,AJ105,AK105,AL105,AM105) -> #N/A | R105: =ROW()-1 -> 104 | S105: =CONCATENATE(REPT(" ",3-LEN(R105)),"[",R105,"] = {") -> [104] = { | T105: =IF(LEN(A105)>0,CONCATENATE("[""ID""] = ",A105,"; ")," ") -> ["ID"] = 1879507929; | U105: =IF(LEN(A105)>0,CONCATENATE("[""ID""] = ",A105,"; "),"") -> ["ID"] = 1879507929; | V105: =IF(LEN(M105)>0,CONCATENATE("[""CAT_ID""] = ",M105,"; "),"") | W105: =IF(LEN(B105)>0,CONCATENATE("[""SAVE_INDEX""] = ",REPT(" ",1-LEN(B105)),B105,"; "),"") | X105: =VLOOKUP(D105,Type!A$2:B$17,2,FALSE) -> #N/A | Y105: =CONCATENATE("[""TYPE""] = ",REPT(" ",2-LEN(X105)),X105,"; ") -> #N/A | Z105: =TEXT(E105,0) -> 0 | AA105: =CONCATENATE("[""VXP""] = ",REPT(" ",1-LEN(Z105)),TEXT(Z105,"0"),"; ") -> ["VXP"] = 0; | AB105: =TEXT(G105,0) -> 0 | AC105: =CONCATENATE("[""LP""] = ",REPT(" ",1-LEN(AB105)),TEXT(AB105,"0"),"; ") -> ["LP"] = 0; | AD105: =TEXT(H105,0) -> 0 | AE105: =CONCATENATE("[""REP""] = ",REPT(" ",1-LEN(AD105)),TEXT(AD105,"0"),"; ") -> ["REP"] = 0; | AF105: =VLOOKUP(I105,Faction!A$2:B$77,2,FALSE) -> #N/A | AG105: =CONCATENATE("[""FACTION""] = ",TEXT(AF105,"0"),"; ") -> #N/A | AH105: =IF(L105>0,CONCATENATE("[""TIER""] = ",TEXT(L105,"0"),"; "),"") -> ["TIER"] = 1; | AI105: =CONCATENATE("[""NAME""] = { [""EN""] = """,C105,"""; }; ") -> ["NAME"] = { ["EN"] = "Birds of Lamedon: Rare"; }; | AJ105: =CONCATENATE("[""LORE""] = { [""EN""] = """,K105,"""; }; ") -> ["LORE"] = { ["EN"] = ""; }; | AK105: =CONCATENATE("[""SUMMARY""] = { [""EN""] = """,J105,"""; }; ") -> ["SUMMARY"] = { ["EN"] = ""; }; | AL105: =IF(LEN(F105)>0,CONCATENATE("[""TITLE""] = { [""EN""] = """,F105,"""; }; "),"") | AM105: =CONCATENATE("};") -> };
A106: 1879507926 | C106: The Rarest Bird in Lamedon | L106: 1 | O106: =IF(AND(A106>0,L106>0),CONCATENATE("[",A106,"] = ",L106,", // ",C106),"") -> [1879507926] = 1, // The Rarest Bird in Lamedon | P106: =CONCATENATE(S106,U106,V106,AH106,AM106," -- ",C106) -> [105] = {["ID"] = 1879507926; ["TIER"] = 1; }; -- The Rarest Bird in Lamedon | Q106: =CONCATENATE(S106,T106,W106,Y106,AA106,AC106,AE106,AG106,AH106,AI106,AJ106,AK106,AL106,AM106) -> #N/A | R106: =ROW()-1 -> 105 | S106: =CONCATENATE(REPT(" ",3-LEN(R106)),"[",R106,"] = {") -> [105] = { | T106: =IF(LEN(A106)>0,CONCATENATE("[""ID""] = ",A106,"; ")," ") -> ["ID"] = 1879507926; | U106: =IF(LEN(A106)>0,CONCATENATE("[""ID""] = ",A106,"; "),"") -> ["ID"] = 1879507926; | V106: =IF(LEN(M106)>0,CONCATENATE("[""CAT_ID""] = ",M106,"; "),"") | W106: =IF(LEN(B106)>0,CONCATENATE("[""SAVE_INDEX""] = ",REPT(" ",1-LEN(B106)),B106,"; "),"") | X106: =VLOOKUP(D106,Type!A$2:B$17,2,FALSE) -> #N/A | Y106: =CONCATENATE("[""TYPE""] = ",REPT(" ",2-LEN(X106)),X106,"; ") -> #N/A | Z106: =TEXT(E106,0) -> 0 | AA106: =CONCATENATE("[""VXP""] = ",REPT(" ",1-LEN(Z106)),TEXT(Z106,"0"),"; ") -> ["VXP"] = 0; | AB106: =TEXT(G106,0) -> 0 | AC106: =CONCATENATE("[""LP""] = ",REPT(" ",1-LEN(AB106)),TEXT(AB106,"0"),"; ") -> ["LP"] = 0; | AD106: =TEXT(H106,0) -> 0 | AE106: =CONCATENATE("[""REP""] = ",REPT(" ",1-LEN(AD106)),TEXT(AD106,"0"),"; ") -> ["REP"] = 0; | AF106: =VLOOKUP(I106,Faction!A$2:B$77,2,FALSE) -> #N/A | AG106: =CONCATENATE("[""FACTION""] = ",TEXT(AF106,"0"),"; ") -> #N/A | AH106: =IF(L106>0,CONCATENATE("[""TIER""] = ",TEXT(L106,"0"),"; "),"") -> ["TIER"] = 1; | AI106: =CONCATENATE("[""NAME""] = { [""EN""] = """,C106,"""; }; ") -> ["NAME"] = { ["EN"] = "The Rarest Bird in Lamedon"; }; | AJ106: =CONCATENATE("[""LORE""] = { [""EN""] = """,K106,"""; }; ") -> ["LORE"] = { ["EN"] = ""; }; | AK106: =CONCATENATE("[""SUMMARY""] = { [""EN""] = """,J106,"""; }; ") -> ["SUMMARY"] = { ["EN"] = ""; }; | AL106: =IF(LEN(F106)>0,CONCATENATE("[""TITLE""] = { [""EN""] = """,F106,"""; }; "),"") | AM106: =CONCATENATE("};") -> };
A107: 1879507927 | C107: All the Birds of Belfalas | L107: 0 | O107: =IF(AND(A107>0,L107>0),CONCATENATE("[",A107,"] = ",L107,", // ",C107),"") | P107: =CONCATENATE(S107,U107,V107,AH107,AM107," -- ",C107) -> [106] = {["ID"] = 1879507927; }; -- All the Birds of Belfalas | Q107: =CONCATENATE(S107,T107,W107,Y107,AA107,AC107,AE107,AG107,AH107,AI107,AJ107,AK107,AL107,AM107) -> #N/A | R107: =ROW()-1 -> 106 | S107: =CONCATENATE(REPT(" ",3-LEN(R107)),"[",R107,"] = {") -> [106] = { | T107: =IF(LEN(A107)>0,CONCATENATE("[""ID""] = ",A107,"; ")," ") -> ["ID"] = 1879507927; | U107: =IF(LEN(A107)>0,CONCATENATE("[""ID""] = ",A107,"; "),"") -> ["ID"] = 1879507927; | V107: =IF(LEN(M107)>0,CONCATENATE("[""CAT_ID""] = ",M107,"; "),"") | W107: =IF(LEN(B107)>0,CONCATENATE("[""SAVE_INDEX""] = ",REPT(" ",1-LEN(B107)),B107,"; "),"") | X107: =VLOOKUP(D107,Type!A$2:B$17,2,FALSE) -> #N/A | Y107: =CONCATENATE("[""TYPE""] = ",REPT(" ",2-LEN(X107)),X107,"; ") -> #N/A | Z107: =TEXT(E107,0) -> 0 | AA107: =CONCATENATE("[""VXP""] = ",REPT(" ",1-LEN(Z107)),TEXT(Z107,"0"),"; ") -> ["VXP"] = 0; | AB107: =TEXT(G107,0) -> 0 | AC107: =CONCATENATE("[""LP""] = ",REPT(" ",1-LEN(AB107)),TEXT(AB107,"0"),"; ") -> ["LP"] = 0; | AD107: =TEXT(H107,0) -> 0 | AE107: =CONCATENATE("[""REP""] = ",REPT(" ",1-LEN(AD107)),TEXT(AD107,"0"),"; ") -> ["REP"] = 0; | AF107: =VLOOKUP(I107,Faction!A$2:B$77,2,FALSE) -> #N/A | AG107: =CONCATENATE("[""FACTION""] = ",TEXT(AF107,"0"),"; ") -> #N/A | AH107: =IF(L107>0,CONCATENATE("[""TIER""] = ",TEXT(L107,"0"),"; "),"") | AI107: =CONCATENATE("[""NAME""] = { [""EN""] = """,C107,"""; }; ") -> ["NAME"] = { ["EN"] = "All the Birds of Belfalas"; }; | AJ107: =CONCATENATE("[""LORE""] = { [""EN""] = """,K107,"""; }; ") -> ["LORE"] = { ["EN"] = ""; }; | AK107: =CONCATENATE("[""SUMMARY""] = { [""EN""] = """,J107,"""; }; ") -> ["SUMMARY"] = { ["EN"] = ""; }; | AL107: =IF(LEN(F107)>0,CONCATENATE("[""TITLE""] = { [""EN""] = """,F107,"""; }; "),"") | AM107: =CONCATENATE("};") -> };
A108: 1879507924 | C108: Birds of Belfalas: Common and Uncommon | L108: 1 | O108: =IF(AND(A108>0,L108>0),CONCATENATE("[",A108,"] = ",L108,", // ",C108),"") -> [1879507924] = 1, // Birds of Belfalas: Common and Uncommon | P108: =CONCATENATE(S108,U108,V108,AH108,AM108," -- ",C108) -> [107] = {["ID"] = 1879507924; ["TIER"] = 1; }; -- Birds of Belfalas: Common and Uncommon | Q108: =CONCATENATE(S108,T108,W108,Y108,AA108,AC108,AE108,AG108,AH108,AI108,AJ108,AK108,AL108,AM108) -> #N/A | R108: =ROW()-1 -> 107 | S108: =CONCATENATE(REPT(" ",3-LEN(R108)),"[",R108,"] = {") -> [107] = { | T108: =IF(LEN(A108)>0,CONCATENATE("[""ID""] = ",A108,"; ")," ") -> ["ID"] = 1879507924; | U108: =IF(LEN(A108)>0,CONCATENATE("[""ID""] = ",A108,"; "),"") -> ["ID"] = 1879507924; | V108: =IF(LEN(M108)>0,CONCATENATE("[""CAT_ID""] = ",M108,"; "),"") | W108: =IF(LEN(B108)>0,CONCATENATE("[""SAVE_INDEX""] = ",REPT(" ",1-LEN(B108)),B108,"; "),"") | X108: =VLOOKUP(D108,Type!A$2:B$17,2,FALSE) -> #N/A | Y108: =CONCATENATE("[""TYPE""] = ",REPT(" ",2-LEN(X108)),X108,"; ") -> #N/A | Z108: =TEXT(E108,0) -> 0 | AA108: =CONCATENATE("[""VXP""] = ",REPT(" ",1-LEN(Z108)),TEXT(Z108,"0"),"; ") -> ["VXP"] = 0; | AB108: =TEXT(G108,0) -> 0 | AC108: =CONCATENATE("[""LP""] = ",REPT(" ",1-LEN(AB108)),TEXT(AB108,"0"),"; ") -> ["LP"] = 0; | AD108: =TEXT(H108,0) -> 0 | AE108: =CONCATENATE("[""REP""] = ",REPT(" ",1-LEN(AD108)),TEXT(AD108,"0"),"; ") -> ["REP"] = 0; | AF108: =VLOOKUP(I108,Faction!A$2:B$77,2,FALSE) -> #N/A | AG108: =CONCATENATE("[""FACTION""] = ",TEXT(AF108,"0"),"; ") -> #N/A | AH108: =IF(L108>0,CONCATENATE("[""TIER""] = ",TEXT(L108,"0"),"; "),"") -> ["TIER"] = 1; | AI108: =CONCATENATE("[""NAME""] = { [""EN""] = """,C108,"""; }; ") -> ["NAME"] = { ["EN"] = "Birds of Belfalas: Common and Uncommon"; }; | AJ108: =CONCATENATE("[""LORE""] = { [""EN""] = """,K108,"""; }; ") -> ["LORE"] = { ["EN"] = ""; }; | AK108: =CONCATENATE("[""SUMMARY""] = { [""EN""] = """,J108,"""; }; ") -> ["SUMMARY"] = { ["EN"] = ""; }; | AL108: =IF(LEN(F108)>0,CONCATENATE("[""TITLE""] = { [""EN""] = """,F108,"""; }; "),"") | AM108: =CONCATENATE("};") -> };
A109: 1879507923 | C109: Birds of Belfalas: Rare | L109: 1 | O109: =IF(AND(A109>0,L109>0),CONCATENATE("[",A109,"] = ",L109,", // ",C109),"") -> [1879507923] = 1, // Birds of Belfalas: Rare | P109: =CONCATENATE(S109,U109,V109,AH109,AM109," -- ",C109) -> [108] = {["ID"] = 1879507923; ["TIER"] = 1; }; -- Birds of Belfalas: Rare | Q109: =CONCATENATE(S109,T109,W109,Y109,AA109,AC109,AE109,AG109,AH109,AI109,AJ109,AK109,AL109,AM109) -> #N/A | R109: =ROW()-1 -> 108 | S109: =CONCATENATE(REPT(" ",3-LEN(R109)),"[",R109,"] = {") -> [108] = { | T109: =IF(LEN(A109)>0,CONCATENATE("[""ID""] = ",A109,"; ")," ") -> ["ID"] = 1879507923; | U109: =IF(LEN(A109)>0,CONCATENATE("[""ID""] = ",A109,"; "),"") -> ["ID"] = 1879507923; | V109: =IF(LEN(M109)>0,CONCATENATE("[""CAT_ID""] = ",M109,"; "),"") | W109: =IF(LEN(B109)>0,CONCATENATE("[""SAVE_INDEX""] = ",REPT(" ",1-LEN(B109)),B109,"; "),"") | X109: =VLOOKUP(D109,Type!A$2:B$17,2,FALSE) -> #N/A | Y109: =CONCATENATE("[""TYPE""] = ",REPT(" ",2-LEN(X109)),X109,"; ") -> #N/A | Z109: =TEXT(E109,0) -> 0 | AA109: =CONCATENATE("[""VXP""] = ",REPT(" ",1-LEN(Z109)),TEXT(Z109,"0"),"; ") -> ["VXP"] = 0; | AB109: =TEXT(G109,0) -> 0 | AC109: =CONCATENATE("[""LP""] = ",REPT(" ",1-LEN(AB109)),TEXT(AB109,"0"),"; ") -> ["LP"] = 0; | AD109: =TEXT(H109,0) -> 0 | AE109: =CONCATENATE("[""REP""] = ",REPT(" ",1-LEN(AD109)),TEXT(AD109,"0"),"; ") -> ["REP"] = 0; | AF109: =VLOOKUP(I109,Faction!A$2:B$77,2,FALSE) -> #N/A | AG109: =CONCATENATE("[""FACTION""] = ",TEXT(AF109,"0"),"; ") -> #N/A | AH109: =IF(L109>0,CONCATENATE("[""TIER""] = ",TEXT(L109,"0"),"; "),"") -> ["TIER"] = 1; | AI109: =CONCATENATE("[""NAME""] = { [""EN""] = """,C109,"""; }; ") -> ["NAME"] = { ["EN"] = "Birds of Belfalas: Rare"; }; | AJ109: =CONCATENATE("[""LORE""] = { [""EN""] = """,K109,"""; }; ") -> ["LORE"] = { ["EN"] = ""; }; | AK109: =CONCATENATE("[""SUMMARY""] = { [""EN""] = """,J109,"""; }; ") -> ["SUMMARY"] = { ["EN"] = ""; }; | AL109: =IF(LEN(F109)>0,CONCATENATE("[""TITLE""] = { [""EN""] = """,F109,"""; }; "),"") | AM109: =CONCATENATE("};") -> };
A110: 1879507925 | C110: The Rarest Bird in Belfalas | L110: 1 | O110: =IF(AND(A110>0,L110>0),CONCATENATE("[",A110,"] = ",L110,", // ",C110),"") -> [1879507925] = 1, // The Rarest Bird in Belfalas | P110: =CONCATENATE(S110,U110,V110,AH110,AM110," -- ",C110) -> [109] = {["ID"] = 1879507925; ["TIER"] = 1; }; -- The Rarest Bird in Belfalas | Q110: =CONCATENATE(S110,T110,W110,Y110,AA110,AC110,AE110,AG110,AH110,AI110,AJ110,AK110,AL110,AM110) -> #N/A | R110: =ROW()-1 -> 109 | S110: =CONCATENATE(REPT(" ",3-LEN(R110)),"[",R110,"] = {") -> [109] = { | T110: =IF(LEN(A110)>0,CONCATENATE("[""ID""] = ",A110,"; ")," ") -> ["ID"] = 1879507925; | U110: =IF(LEN(A110)>0,CONCATENATE("[""ID""] = ",A110,"; "),"") -> ["ID"] = 1879507925; | V110: =IF(LEN(M110)>0,CONCATENATE("[""CAT_ID""] = ",M110,"; "),"") | W110: =IF(LEN(B110)>0,CONCATENATE("[""SAVE_INDEX""] = ",REPT(" ",1-LEN(B110)),B110,"; "),"") | X110: =VLOOKUP(D110,Type!A$2:B$17,2,FALSE) -> #N/A | Y110: =CONCATENATE("[""TYPE""] = ",REPT(" ",2-LEN(X110)),X110,"; ") -> #N/A | Z110: =TEXT(E110,0) -> 0 | AA110: =CONCATENATE("[""VXP""] = ",REPT(" ",1-LEN(Z110)),TEXT(Z110,"0"),"; ") -> ["VXP"] = 0; | AB110: =TEXT(G110,0) -> 0 | AC110: =CONCATENATE("[""LP""] = ",REPT(" ",1-LEN(AB110)),TEXT(AB110,"0"),"; ") -> ["LP"] = 0; | AD110: =TEXT(H110,0) -> 0 | AE110: =CONCATENATE("[""REP""] = ",REPT(" ",1-LEN(AD110)),TEXT(AD110,"0"),"; ") -> ["REP"] = 0; | AF110: =VLOOKUP(I110,Faction!A$2:B$77,2,FALSE) -> #N/A | AG110: =CONCATENATE("[""FACTION""] = ",TEXT(AF110,"0"),"; ") -> #N/A | AH110: =IF(L110>0,CONCATENATE("[""TIER""] = ",TEXT(L110,"0"),"; "),"") -> ["TIER"] = 1; | AI110: =CONCATENATE("[""NAME""] = { [""EN""] = """,C110,"""; }; ") -> ["NAME"] = { ["EN"] = "The Rarest Bird in Belfalas"; }; | AJ110: =CONCATENATE("[""LORE""] = { [""EN""] = """,K110,"""; }; ") -> ["LORE"] = { ["EN"] = ""; }; | AK110: =CONCATENATE("[""SUMMARY""] = { [""EN""] = """,J110,"""; }; ") -> ["SUMMARY"] = { ["EN"] = ""; }; | AL110: =IF(LEN(F110)>0,CONCATENATE("[""TITLE""] = { [""EN""] = """,F110,"""; }; "),"") | AM110: =CONCATENATE("};") -> };
A111: 1879507885 | C111: All the Birds of Lebennin | L111: 0 | O111: =IF(AND(A111>0,L111>0),CONCATENATE("[",A111,"] = ",L111,", // ",C111),"") | P111: =CONCATENATE(S111,U111,V111,AH111,AM111," -- ",C111) -> [110] = {["ID"] = 1879507885; }; -- All the Birds of Lebennin | Q111: =CONCATENATE(S111,T111,W111,Y111,AA111,AC111,AE111,AG111,AH111,AI111,AJ111,AK111,AL111,AM111) -> #N/A | R111: =ROW()-1 -> 110 | S111: =CONCATENATE(REPT(" ",3-LEN(R111)),"[",R111,"] = {") -> [110] = { | T111: =IF(LEN(A111)>0,CONCATENATE("[""ID""] = ",A111,"; ")," ") -> ["ID"] = 1879507885; | U111: =IF(LEN(A111)>0,CONCATENATE("[""ID""] = ",A111,"; "),"") -> ["ID"] = 1879507885; | V111: =IF(LEN(M111)>0,CONCATENATE("[""CAT_ID""] = ",M111,"; "),"") | W111: =IF(LEN(B111)>0,CONCATENATE("[""SAVE_INDEX""] = ",REPT(" ",1-LEN(B111)),B111,"; "),"") | X111: =VLOOKUP(D111,Type!A$2:B$17,2,FALSE) -> #N/A | Y111: =CONCATENATE("[""TYPE""] = ",REPT(" ",2-LEN(X111)),X111,"; ") -> #N/A | Z111: =TEXT(E111,0) -> 0 | AA111: =CONCATENATE("[""VXP""] = ",REPT(" ",1-LEN(Z111)),TEXT(Z111,"0"),"; ") -> ["VXP"] = 0; | AB111: =TEXT(G111,0) -> 0 | AC111: =CONCATENATE("[""LP""] = ",REPT(" ",1-LEN(AB111)),TEXT(AB111,"0"),"; ") -> ["LP"] = 0; | AD111: =TEXT(H111,0) -> 0 | AE111: =CONCATENATE("[""REP""] = ",REPT(" ",1-LEN(AD111)),TEXT(AD111,"0"),"; ") -> ["REP"] = 0; | AF111: =VLOOKUP(I111,Faction!A$2:B$77,2,FALSE) -> #N/A | AG111: =CONCATENATE("[""FACTION""] = ",TEXT(AF111,"0"),"; ") -> #N/A | AH111: =IF(L111>0,CONCATENATE("[""TIER""] = ",TEXT(L111,"0"),"; "),"") | AI111: =CONCATENATE("[""NAME""] = { [""EN""] = """,C111,"""; }; ") -> ["NAME"] = { ["EN"] = "All the Birds of Lebennin"; }; | AJ111: =CONCATENATE("[""LORE""] = { [""EN""] = """,K111,"""; }; ") -> ["LORE"] = { ["EN"] = ""; }; | AK111: =CONCATENATE("[""SUMMARY""] = { [""EN""] = """,J111,"""; }; ") -> ["SUMMARY"] = { ["EN"] = ""; }; | AL111: =IF(LEN(F111)>0,CONCATENATE("[""TITLE""] = { [""EN""] = """,F111,"""; }; "),"") | AM111: =CONCATENATE("};") -> };
A112: 1879507884 | C112: Birds of Lebennin: Common and Uncommon | L112: 1 | O112: =IF(AND(A112>0,L112>0),CONCATENATE("[",A112,"] = ",L112,", // ",C112),"") -> [1879507884] = 1, // Birds of Lebennin: Common and Uncommon | P112: =CONCATENATE(S112,U112,V112,AH112,AM112," -- ",C112) -> [111] = {["ID"] = 1879507884; ["TIER"] = 1; }; -- Birds of Lebennin: Common and Uncommon | Q112: =CONCATENATE(S112,T112,W112,Y112,AA112,AC112,AE112,AG112,AH112,AI112,AJ112,AK112,AL112,AM112) -> #N/A | R112: =ROW()-1 -> 111 | S112: =CONCATENATE(REPT(" ",3-LEN(R112)),"[",R112,"] = {") -> [111] = { | T112: =IF(LEN(A112)>0,CONCATENATE("[""ID""] = ",A112,"; ")," ") -> ["ID"] = 1879507884; | U112: =IF(LEN(A112)>0,CONCATENATE("[""ID""] = ",A112,"; "),"") -> ["ID"] = 1879507884; | V112: =IF(LEN(M112)>0,CONCATENATE("[""CAT_ID""] = ",M112,"; "),"") | W112: =IF(LEN(B112)>0,CONCATENATE("[""SAVE_INDEX""] = ",REPT(" ",1-LEN(B112)),B112,"; "),"") | X112: =VLOOKUP(D112,Type!A$2:B$17,2,FALSE) -> #N/A | Y112: =CONCATENATE("[""TYPE""] = ",REPT(" ",2-LEN(X112)),X112,"; ") -> #N/A | Z112: =TEXT(E112,0) -> 0 | AA112: =CONCATENATE("[""VXP""] = ",REPT(" ",1-LEN(Z112)),TEXT(Z112,"0"),"; ") -> ["VXP"] = 0; | AB112: =TEXT(G112,0) -> 0 | AC112: =CONCATENATE("[""LP""] = ",REPT(" ",1-LEN(AB112)),TEXT(AB112,"0"),"; ") -> ["LP"] = 0; | AD112: =TEXT(H112,0) -> 0 | AE112: =CONCATENATE("[""REP""] = ",REPT(" ",1-LEN(AD112)),TEXT(AD112,"0"),"; ") -> ["REP"] = 0; | AF112: =VLOOKUP(I112,Faction!A$2:B$77,2,FALSE) -> #N/A | AG112: =CONCATENATE("[""FACTION""] = ",TEXT(AF112,"0"),"; ") -> #N/A | AH112: =IF(L112>0,CONCATENATE("[""TIER""] = ",TEXT(L112,"0"),"; "),"") -> ["TIER"] = 1; | AI112: =CONCATENATE("[""NAME""] = { [""EN""] = """,C112,"""; }; ") -> ["NAME"] = { ["EN"] = "Birds of Lebennin: Common and Uncommon"; }; | AJ112: =CONCATENATE("[""LORE""] = { [""EN""] = """,K112,"""; }; ") -> ["LORE"] = { ["EN"] = ""; }; | AK112: =CONCATENATE("[""SUMMARY""] = { [""EN""] = """,J112,"""; }; ") -> ["SUMMARY"] = { ["EN"] = ""; }; | AL112: =IF(LEN(F112)>0,CONCATENATE("[""TITLE""] = { [""EN""] = """,F112,"""; }; "),"") | AM112: =CONCATENATE("};") -> };
A113: 1879507880 | C113: Birds of Lebennin: Rare | L113: 1 | O113: =IF(AND(A113>0,L113>0),CONCATENATE("[",A113,"] = ",L113,", // ",C113),"") -> [1879507880] = 1, // Birds of Lebennin: Rare | P113: =CONCATENATE(S113,U113,V113,AH113,AM113," -- ",C113) -> [112] = {["ID"] = 1879507880; ["TIER"] = 1; }; -- Birds of Lebennin: Rare | Q113: =CONCATENATE(S113,T113,W113,Y113,AA113,AC113,AE113,AG113,AH113,AI113,AJ113,AK113,AL113,AM113) -> #N/A | R113: =ROW()-1 -> 112 | S113: =CONCATENATE(REPT(" ",3-LEN(R113)),"[",R113,"] = {") -> [112] = { | T113: =IF(LEN(A113)>0,CONCATENATE("[""ID""] = ",A113,"; ")," ") -> ["ID"] = 1879507880; | U113: =IF(LEN(A113)>0,CONCATENATE("[""ID""] = ",A113,"; "),"") -> ["ID"] = 1879507880; | V113: =IF(LEN(M113)>0,CONCATENATE("[""CAT_ID""] = ",M113,"; "),"") | W113: =IF(LEN(B113)>0,CONCATENATE("[""SAVE_INDEX""] = ",REPT(" ",1-LEN(B113)),B113,"; "),"") | X113: =VLOOKUP(D113,Type!A$2:B$17,2,FALSE) -> #N/A | Y113: =CONCATENATE("[""TYPE""] = ",REPT(" ",2-LEN(X113)),X113,"; ") -> #N/A | Z113: =TEXT(E113,0) -> 0 | AA113: =CONCATENATE("[""VXP""] = ",REPT(" ",1-LEN(Z113)),TEXT(Z113,"0"),"; ") -> ["VXP"] = 0; | AB113: =TEXT(G113,0) -> 0 | AC113: =CONCATENATE("[""LP""] = ",REPT(" ",1-LEN(AB113)),TEXT(AB113,"0"),"; ") -> ["LP"] = 0; | AD113: =TEXT(H113,0) -> 0 | AE113: =CONCATENATE("[""REP""] = ",REPT(" ",1-LEN(AD113)),TEXT(AD113,"0"),"; ") -> ["REP"] = 0; | AF113: =VLOOKUP(I113,Faction!A$2:B$77,2,FALSE) -> #N/A | AG113: =CONCATENATE("[""FACTION""] = ",TEXT(AF113,"0"),"; ") -> #N/A | AH113: =IF(L113>0,CONCATENATE("[""TIER""] = ",TEXT(L113,"0"),"; "),"") -> ["TIER"] = 1; | AI113: =CONCATENATE("[""NAME""] = { [""EN""] = """,C113,"""; }; ") -> ["NAME"] = { ["EN"] = "Birds of Lebennin: Rare"; }; | AJ113: =CONCATENATE("[""LORE""] = { [""EN""] = """,K113,"""; }; ") -> ["LORE"] = { ["EN"] = ""; }; | AK113: =CONCATENATE("[""SUMMARY""] = { [""EN""] = """,J113,"""; }; ") -> ["SUMMARY"] = { ["EN"] = ""; }; | AL113: =IF(LEN(F113)>0,CONCATENATE("[""TITLE""] = { [""EN""] = """,F113,"""; }; "),"") | AM113: =CONCATENATE("};") -> };
A114: 1879507883 | C114: The Rarest Bird in Lebennin | L114: 1 | O114: =IF(AND(A114>0,L114>0),CONCATENATE("[",A114,"] = ",L114,", // ",C114),"") -> [1879507883] = 1, // The Rarest Bird in Lebennin | P114: =CONCATENATE(S114,U114,V114,AH114,AM114," -- ",C114) -> [113] = {["ID"] = 1879507883; ["TIER"] = 1; }; -- The Rarest Bird in Lebennin | Q114: =CONCATENATE(S114,T114,W114,Y114,AA114,AC114,AE114,AG114,AH114,AI114,AJ114,AK114,AL114,AM114) -> #N/A | R114: =ROW()-1 -> 113 | S114: =CONCATENATE(REPT(" ",3-LEN(R114)),"[",R114,"] = {") -> [113] = { | T114: =IF(LEN(A114)>0,CONCATENATE("[""ID""] = ",A114,"; ")," ") -> ["ID"] = 1879507883; | U114: =IF(LEN(A114)>0,CONCATENATE("[""ID""] = ",A114,"; "),"") -> ["ID"] = 1879507883; | V114: =IF(LEN(M114)>0,CONCATENATE("[""CAT_ID""] = ",M114,"; "),"") | W114: =IF(LEN(B114)>0,CONCATENATE("[""SAVE_INDEX""] = ",REPT(" ",1-LEN(B114)),B114,"; "),"") | X114: =VLOOKUP(D114,Type!A$2:B$17,2,FALSE) -> #N/A | Y114: =CONCATENATE("[""TYPE""] = ",REPT(" ",2-LEN(X114)),X114,"; ") -> #N/A | Z114: =TEXT(E114,0) -> 0 | AA114: =CONCATENATE("[""VXP""] = ",REPT(" ",1-LEN(Z114)),TEXT(Z114,"0"),"; ") -> ["VXP"] = 0; | AB114: =TEXT(G114,0) -> 0 | AC114: =CONCATENATE("[""LP""] = ",REPT(" ",1-LEN(AB114)),TEXT(AB114,"0"),"; ") -> ["LP"] = 0; | AD114: =TEXT(H114,0) -> 0 | AE114: =CONCATENATE("[""REP""] = ",REPT(" ",1-LEN(AD114)),TEXT(AD114,"0"),"; ") -> ["REP"] = 0; | AF114: =VLOOKUP(I114,Faction!A$2:B$77,2,FALSE) -> #N/A | AG114: =CONCATENATE("[""FACTION""] = ",TEXT(AF114,"0"),"; ") -> #N/A | AH114: =IF(L114>0,CONCATENATE("[""TIER""] = ",TEXT(L114,"0"),"; "),"") -> ["TIER"] = 1; | AI114: =CONCATENATE("[""NAME""] = { [""EN""] = """,C114,"""; }; ") -> ["NAME"] = { ["EN"] = "The Rarest Bird in Lebennin"; }; | AJ114: =CONCATENATE("[""LORE""] = { [""EN""] = """,K114,"""; }; ") -> ["LORE"] = { ["EN"] = ""; }; | AK114: =CONCATENATE("[""SUMMARY""] = { [""EN""] = """,J114,"""; }; ") -> ["SUMMARY"] = { ["EN"] = ""; }; | AL114: =IF(LEN(F114)>0,CONCATENATE("[""TITLE""] = { [""EN""] = """,F114,"""; }; "),"") | AM114: =CONCATENATE("};") -> };
... A139: 1879507941 | C139: The Rarest of Birds in Gondor and Mordor | L139: 0 | O139: =IF(AND(A139>0,L139>0),CONCATENATE("[",A139,"] = ",L139,", // ",C139),"") | P139: =CONCATENATE(S139,U139,V139,AH139,AM139," -- ",C139) -> [138] = {["ID"] = 1879507941; }; -- The Rarest of Birds in Gondor and Mordor | Q139: =CONCATENATE(S139,T139,W139,Y139,AA139,AC139,AE139,AG139,AH139,AI139,AJ139,AK139,AL139,AM139) -> #N/A | R139: =ROW()-1 -> 138 | S139: =CONCATENATE(REPT(" ",3-LEN(R139)),"[",R139,"] = {") -> [138] = { | T139: =IF(LEN(A139)>0,CONCATENATE("[""ID""] = ",A139,"; ")," ") -> ["ID"] = 1879507941; | U139: =IF(LEN(A139)>0,CONCATENATE("[""ID""] = ",A139,"; "),"") -> ["ID"] = 1879507941; | V139: =IF(LEN(M139)>0,CONCATENATE("[""CAT_ID""] = ",M139,"; "),"") | W139: =IF(LEN(B139)>0,CONCATENATE("[""SAVE_INDEX""] = ",REPT(" ",1-LEN(B139)),B139,"; "),"") | X139: =VLOOKUP(D139,Type!A$2:B$17,2,FALSE) -> #N/A | Y139: =CONCATENATE("[""TYPE""] = ",REPT(" ",2-LEN(X139)),X139,"; ") -> #N/A | Z139: =TEXT(E139,0) -> 0 | AA139: =CONCATENATE("[""VXP""] = ",REPT(" ",1-LEN(Z139)),TEXT(Z139,"0"),"; ") -> ["VXP"] = 0; | AB139: =TEXT(G139,0) -> 0 | AC139: =CONCATENATE("[""LP""] = ",REPT(" ",1-LEN(AB139)),TEXT(AB139,"0"),"; ") -> ["LP"] = 0; | AD139: =TEXT(H139,0) -> 0 | AE139: =CONCATENATE("[""REP""] = ",REPT(" ",1-LEN(AD139)),TEXT(AD139,"0"),"; ") -> ["REP"] = 0; | AF139: =VLOOKUP(I139,Faction!A$2:B$77,2,FALSE) -> #N/A | AG139: =CONCATENATE("[""FACTION""] = ",TEXT(AF139,"0"),"; ") -> #N/A | AH139: =IF(L139>0,CONCATENATE("[""TIER""] = ",TEXT(L139,"0"),"; "),"") | AI139: =CONCATENATE("[""NAME""] = { [""EN""] = """,C139,"""; }; ") -> ["NAME"] = { ["EN"] = "The Rarest of Birds in Gondor and Mordor"; }; | AJ139: =CONCATENATE("[""LORE""] = { [""EN""] = """,K139,"""; }; ") -> ["LORE"] = { ["EN"] = ""; }; | AK139: =CONCATENATE("[""SUMMARY""] = { [""EN""] = """,J139,"""; }; ") -> ["SUMMARY"] = { ["EN"] = ""; }; | AL139: =IF(LEN(F139)>0,CONCATENATE("[""TITLE""] = { [""EN""] = """,F139,"""; }; "),"") | AM139: =CONCATENATE("};") -> };
O140: =IF(AND(A140>0,L140>0),CONCATENATE("[",A140,"] = ",L140,", // ",C140),"") | P140: =CONCATENATE(S140,U140,V140,AH140,AM140," -- ",C140) -> [139] = {}; -- | Q140: =CONCATENATE(S140,T140,W140,Y140,AA140,AC140,AE140,AG140,AH140,AI140,AJ140,AK140,AL140,AM140) -> #N/A | R140: =ROW()-1 -> 139 | S140: =CONCATENATE(REPT(" ",3-LEN(R140)),"[",R140,"] = {") -> [139] = { | T140: =IF(LEN(A140)>0,CONCATENATE("[""ID""] = ",A140,"; ")," ") | U140: =IF(LEN(A140)>0,CONCATENATE("[""ID""] = ",A140,"; "),"") | V140: =IF(LEN(M140)>0,CONCATENATE("[""CAT_ID""] = ",M140,"; "),"") | W140: =IF(LEN(B140)>0,CONCATENATE("[""SAVE_INDEX""] = ",REPT(" ",1-LEN(B140)),B140,"; "),"") | X140: =VLOOKUP(D140,Type!A$2:B$17,2,FALSE) -> #N/A | Y140: =CONCATENATE("[""TYPE""] = ",REPT(" ",2-LEN(X140)),X140,"; ") -> #N/A | Z140: =TEXT(E140,0) -> 0 | AA140: =CONCATENATE("[""VXP""] = ",REPT(" ",1-LEN(Z140)),TEXT(Z140,"0"),"; ") -> ["VXP"] = 0; | AB140: =TEXT(G140,0) -> 0 | AC140: =CONCATENATE("[""LP""] = ",REPT(" ",1-LEN(AB140)),TEXT(AB140,"0"),"; ") -> ["LP"] = 0; | AD140: =TEXT(H140,0) -> 0 | AE140: =CONCATENATE("[""REP""] = ",REPT(" ",1-LEN(AD140)),TEXT(AD140,"0"),"; ") -> ["REP"] = 0; | AF140: =VLOOKUP(I140,Faction!A$2:B$77,2,FALSE) -> #N/A | AG140: =CONCATENATE("[""FACTION""] = ",TEXT(AF140,"0"),"; ") -> #N/A | AH140: =IF(L140>0,CONCATENATE("[""TIER""] = ",TEXT(L140,"0"),"; "),"") | AI140: =CONCATENATE("[""NAME""] = { [""EN""] = """,C140,"""; }; ") -> ["NAME"] = { ["EN"] = ""; }; | AJ140: =CONCATENATE("[""LORE""] = { [""EN""] = """,K140,"""; }; ") -> ["LORE"] = { ["EN"] = ""; }; | AK140: =CONCATENATE("[""SUMMARY""] = { [""EN""] = """,J140,"""; }; ") -> ["SUMMARY"] = { ["EN"] = ""; }; | AL140: =IF(LEN(F140)>0,CONCATENATE("[""TITLE""] = { [""EN""] = """,F140,"""; }; "),"") | AM140: =CONCATENATE("};") -> };

Sheet <template>
A1: Save Index | B1: Name | C1: TYPE | D1: SUBTYPE | E1: VXP | F1: Title | G1: LP | H1: REP | I1: FACTION | J1: SUMMARY | K1: DESC | L1: TIER | M1: Output parts | N1: Complete | O1: QuestNumber | P1: Index | Q1: Save Index | R1: TYPE_INT | S1: Type | T1: SUBTYPE_CLASS | U1: SUBTYPE_VOCATION | V1: SUBTYPE_USED | W1: SUBTYPE | X1: VXP_NUM | Y1: VXP | Z1: LP_NUM | AA1: LP | AB1: REP_NUM | AC1: REP | AD1: FACTION_INT | AE1: FACTION | AF1: TIER | AG1: NAME | AH1: LORE | AI1: SUMMARY | AJ1: TITLE | AK1: End
A2: 1 | N2: =CONCATENATE(P2,Q2,S2,W2,Y2,AA2,AC2,AE2,AF2,AG2,AH2,AI2,AJ2,AK2) -> #N/A | O2: =ROW()-1 -> 1 | P2: =CONCATENATE(REPT(" ",3-LEN(O2)),"[",O2,"] = {") -> [1] = { | Q2: =IF(LEN(A2)>0,CONCATENATE("[""SAVE_INDEX""] = ",REPT(" ",3-LEN(A2)),A2,"; "),"") -> ["SAVE_INDEX"] = 1; | R2: =VLOOKUP(C2,Type!A$2:B$17,2,FALSE) -> #N/A | S2: =CONCATENATE("[""TYPE""] = ",REPT(" ",2-LEN(R2)),R2,"; ") -> #N/A | T2: =IF(AND(C2="Class",NOT(ISBLANK(D2))),VLOOKUP(D2,Class!A$1:B$9,2,FALSE),"") | U2: =IF(AND(C2="Vocation",NOT(ISBLANK(D2))),VLOOKUP(D2,Vocation!A$1:B$8,2,FALSE),"") | V2: =IF( LEN(T2)=0, IF( LEN(U2)=0, " 0", CONCATENATE(REPT(" ",Vocation!B$12-LEN(U2)),U2)), CONCATENATE(REPT(" ",Vocation!B$12-LEN(T2)),T2)) -> 0 | W2: =CONCATENATE("[""SUBTYPE""] = ",V2,"; ") -> ["SUBTYPE"] = 0; | X2: =TEXT(E2,0) -> 0 | Y2: =CONCATENATE("[""VXP""] = ",REPT(" ",4-LEN(X2)),TEXT(X2,"0"),"; ") -> ["VXP"] = 0; | Z2: =TEXT(G2,0) -> 0 | AA2: =CONCATENATE("[""LP""] = ",REPT(" ",2-LEN(Z2)),TEXT(Z2,"0"),"; ") -> ["LP"] = 0; | AB2: =TEXT(H2,0) -> 0 | AC2: =CONCATENATE("[""REP""] = ",REPT(" ",4-LEN(AB2)),TEXT(AB2,"0"),"; ") -> ["REP"] = 0; | AD2: =VLOOKUP(I2,Faction!A$2:B$77,2,FALSE) -> #N/A | AE2: =CONCATENATE("[""FACTION""] = ",TEXT(AD2,"0"),"; ") -> #N/A | AF2: =CONCATENATE("[""TIER""] = ",TEXT(L2,"0"),"; ") -> ["TIER"] = 0; | AG2: =CONCATENATE("[""NAME""] = { [""EN""] = """,B2,"""; }; ") -> ["NAME"] = { ["EN"] = ""; }; | AH2: =CONCATENATE("[""LORE""] = { [""EN""] = """,K2,"""; }; ") -> ["LORE"] = { ["EN"] = ""; }; | AI2: =CONCATENATE("[""SUMMARY""] = { [""EN""] = """,J2,"""; }; ") -> ["SUMMARY"] = { ["EN"] = ""; }; | AJ2: =IF(LEN(F2)>0,CONCATENATE("[""TITLE""] = { [""EN""] = """,F2,"""; }; "),"") | AK2: =CONCATENATE("};") -> };
N3: =CONCATENATE(P3,Q3,S3,W3,Y3,AA3,AC3,AE3,AF3,AG3,AH3,AI3,AJ3,AK3) -> #N/A | O3: =ROW()-1 -> 2 | P3: =CONCATENATE(REPT(" ",3-LEN(O3)),"[",O3,"] = {") -> [2] = { | Q3: =IF(LEN(A3)>0,CONCATENATE("[""SAVE_INDEX""] = ",REPT(" ",3-LEN(A3)),A3,"; "),"") | R3: =VLOOKUP(C3,Type!A$2:B$17,2,FALSE) -> #N/A | S3: =CONCATENATE("[""TYPE""] = ",REPT(" ",2-LEN(R3)),R3,"; ") -> #N/A | T3: =IF(AND(C3="Class",NOT(ISBLANK(D3))),VLOOKUP(D3,Class!A$1:B$9,2,FALSE),"") | U3: =IF(AND(C3="Vocation",NOT(ISBLANK(D3))),VLOOKUP(D3,Vocation!A$1:B$8,2,FALSE),"") | V3: =IF( LEN(T3)=0, IF( LEN(U3)=0, " 0", CONCATENATE(REPT(" ",Vocation!B$12-LEN(U3)),U3)), CONCATENATE(REPT(" ",Vocation!B$12-LEN(T3)),T3)) -> 0 | W3: =CONCATENATE("[""SUBTYPE""] = ",V3,"; ") -> ["SUBTYPE"] = 0; | X3: =TEXT(E3,0) -> 0 | Y3: =CONCATENATE("[""VXP""] = ",REPT(" ",4-LEN(X3)),TEXT(X3,"0"),"; ") -> ["VXP"] = 0; | Z3: =TEXT(G3,0) -> 0 | AA3: =CONCATENATE("[""LP""] = ",REPT(" ",2-LEN(Z3)),TEXT(Z3,"0"),"; ") -> ["LP"] = 0; | AB3: =TEXT(H3,0) -> 0 | AC3: =CONCATENATE("[""REP""] = ",REPT(" ",4-LEN(AB3)),TEXT(AB3,"0"),"; ") -> ["REP"] = 0; | AD3: =VLOOKUP(I3,Faction!A$2:B$77,2,FALSE) -> #N/A | AE3: =CONCATENATE("[""FACTION""] = ",TEXT(AD3,"0"),"; ") -> #N/A | AF3: =CONCATENATE("[""TIER""] = ",TEXT(L3,"0"),"; ") -> ["TIER"] = 0; | AG3: =CONCATENATE("[""NAME""] = { [""EN""] = """,B3,"""; }; ") -> ["NAME"] = { ["EN"] = ""; }; | AH3: =CONCATENATE("[""LORE""] = { [""EN""] = """,K3,"""; }; ") -> ["LORE"] = { ["EN"] = ""; }; | AI3: =CONCATENATE("[""SUMMARY""] = { [""EN""] = """,J3,"""; }; ") -> ["SUMMARY"] = { ["EN"] = ""; }; | AJ3: =IF(LEN(F3)>0,CONCATENATE("[""TITLE""] = { [""EN""] = """,F3,"""; }; "),"") | AK3: =CONCATENATE("};") -> };
N4: =CONCATENATE(P4,Q4,S4,W4,Y4,AA4,AC4,AE4,AF4,AG4,AH4,AI4,AJ4,AK4) -> #N/A | O4: =ROW()-1 -> 3 | P4: =CONCATENATE(REPT(" ",3-LEN(O4)),"[",O4,"] = {") -> [3] = { | Q4: =IF(LEN(A4)>0,CONCATENATE("[""SAVE_INDEX""] = ",REPT(" ",3-LEN(A4)),A4,"; "),"") | R4: =VLOOKUP(C4,Type!A$2:B$17,2,FALSE) -> #N/A | S4: =CONCATENATE("[""TYPE""] = ",REPT(" ",2-LEN(R4)),R4,"; ") -> #N/A | T4: =IF(AND(C4="Class",NOT(ISBLANK(D4))),VLOOKUP(D4,Class!A$1:B$9,2,FALSE),"") | U4: =IF(AND(C4="Vocation",NOT(ISBLANK(D4))),VLOOKUP(D4,Vocation!A$1:B$8,2,FALSE),"") | V4: =IF( LEN(T4)=0, IF( LEN(U4)=0, " 0", CONCATENATE(REPT(" ",Vocation!B$12-LEN(U4)),U4)), CONCATENATE(REPT(" ",Vocation!B$12-LEN(T4)),T4)) -> 0 | W4: =CONCATENATE("[""SUBTYPE""] = ",V4,"; ") -> ["SUBTYPE"] = 0; | X4: =TEXT(E4,0) -> 0 | Y4: =CONCATENATE("[""VXP""] = ",REPT(" ",4-LEN(X4)),TEXT(X4,"0"),"; ") -> ["VXP"] = 0; | Z4: =TEXT(G4,0) -> 0 | AA4: =CONCATENATE("[""LP""] = ",REPT(" ",2-LEN(Z4)),TEXT(Z4,"0"),"; ") -> ["LP"] = 0; | AB4: =TEXT(H4,0) -> 0 | AC4: =CONCATENATE("[""REP""] = ",REPT(" ",4-LEN(AB4)),TEXT(AB4,"0"),"; ") -> ["REP"] = 0; | AD4: =VLOOKUP(I4,Faction!A$2:B$77,2,FALSE) -> #N/A | AE4: =CONCATENATE("[""FACTION""] = ",TEXT(AD4,"0"),"; ") -> #N/A | AF4: =CONCATENATE("[""TIER""] = ",TEXT(L4,"0"),"; ") -> ["TIER"] = 0; | AG4: =CONCATENATE("[""NAME""] = { [""EN""] = """,B4,"""; }; ") -> ["NAME"] = { ["EN"] = ""; }; | AH4: =CONCATENATE("[""LORE""] = { [""EN""] = """,K4,"""; }; ") -> ["LORE"] = { ["EN"] = ""; }; | AI4: =CONCATENATE("[""SUMMARY""] = { [""EN""] = """,J4,"""; }; ") -> ["SUMMARY"] = { ["EN"] = ""; }; | AJ4: =IF(LEN(F4)>0,CONCATENATE("[""TITLE""] = { [""EN""] = """,F4,"""; }; "),"") | AK4: =CONCATENATE("};") -> };
N5: =CONCATENATE(P5,Q5,S5,W5,Y5,AA5,AC5,AE5,AF5,AG5,AH5,AI5,AJ5,AK5) -> #N/A | O5: =ROW()-1 -> 4 | P5: =CONCATENATE(REPT(" ",3-LEN(O5)),"[",O5,"] = {") -> [4] = { | Q5: =IF(LEN(A5)>0,CONCATENATE("[""SAVE_INDEX""] = ",REPT(" ",3-LEN(A5)),A5,"; "),"") | R5: =VLOOKUP(C5,Type!A$2:B$17,2,FALSE) -> #N/A | S5: =CONCATENATE("[""TYPE""] = ",REPT(" ",2-LEN(R5)),R5,"; ") -> #N/A | T5: =IF(AND(C5="Class",NOT(ISBLANK(D5))),VLOOKUP(D5,Class!A$1:B$9,2,FALSE),"") | U5: =IF(AND(C5="Vocation",NOT(ISBLANK(D5))),VLOOKUP(D5,Vocation!A$1:B$8,2,FALSE),"") | V5: =IF( LEN(T5)=0, IF( LEN(U5)=0, " 0", CONCATENATE(REPT(" ",Vocation!B$12-LEN(U5)),U5)), CONCATENATE(REPT(" ",Vocation!B$12-LEN(T5)),T5)) -> 0 | W5: =CONCATENATE("[""SUBTYPE""] = ",V5,"; ") -> ["SUBTYPE"] = 0; | X5: =TEXT(E5,0) -> 0 | Y5: =CONCATENATE("[""VXP""] = ",REPT(" ",4-LEN(X5)),TEXT(X5,"0"),"; ") -> ["VXP"] = 0; | Z5: =TEXT(G5,0) -> 0 | AA5: =CONCATENATE("[""LP""] = ",REPT(" ",2-LEN(Z5)),TEXT(Z5,"0"),"; ") -> ["LP"] = 0; | AB5: =TEXT(H5,0) -> 0 | AC5: =CONCATENATE("[""REP""] = ",REPT(" ",4-LEN(AB5)),TEXT(AB5,"0"),"; ") -> ["REP"] = 0; | AD5: =VLOOKUP(I5,Faction!A$2:B$77,2,FALSE) -> #N/A | AE5: =CONCATENATE("[""FACTION""] = ",TEXT(AD5,"0"),"; ") -> #N/A | AF5: =CONCATENATE("[""TIER""] = ",TEXT(L5,"0"),"; ") -> ["TIER"] = 0; | AG5: =CONCATENATE("[""NAME""] = { [""EN""] = """,B5,"""; }; ") -> ["NAME"] = { ["EN"] = ""; }; | AH5: =CONCATENATE("[""LORE""] = { [""EN""] = """,K5,"""; }; ") -> ["LORE"] = { ["EN"] = ""; }; | AI5: =CONCATENATE("[""SUMMARY""] = { [""EN""] = """,J5,"""; }; ") -> ["SUMMARY"] = { ["EN"] = ""; }; | AJ5: =IF(LEN(F5)>0,CONCATENATE("[""TITLE""] = { [""EN""] = """,F5,"""; }; "),"") | AK5: =CONCATENATE("};") -> };
N6: =CONCATENATE(P6,Q6,S6,W6,Y6,AA6,AC6,AE6,AF6,AG6,AH6,AI6,AJ6,AK6) -> #N/A | O6: =ROW()-1 -> 5 | P6: =CONCATENATE(REPT(" ",3-LEN(O6)),"[",O6,"] = {") -> [5] = { | Q6: =IF(LEN(A6)>0,CONCATENATE("[""SAVE_INDEX""] = ",REPT(" ",3-LEN(A6)),A6,"; "),"") | R6: =VLOOKUP(C6,Type!A$2:B$17,2,FALSE) -> #N/A | S6: =CONCATENATE("[""TYPE""] = ",REPT(" ",2-LEN(R6)),R6,"; ") -> #N/A | T6: =IF(AND(C6="Class",NOT(ISBLANK(D6))),VLOOKUP(D6,Class!A$1:B$9,2,FALSE),"") | U6: =IF(AND(C6="Vocation",NOT(ISBLANK(D6))),VLOOKUP(D6,Vocation!A$1:B$8,2,FALSE),"") | V6: =IF( LEN(T6)=0, IF( LEN(U6)=0, " 0", CONCATENATE(REPT(" ",Vocation!B$12-LEN(U6)),U6)), CONCATENATE(REPT(" ",Vocation!B$12-LEN(T6)),T6)) -> 0 | W6: =CONCATENATE("[""SUBTYPE""] = ",V6,"; ") -> ["SUBTYPE"] = 0; | X6: =TEXT(E6,0) -> 0 | Y6: =CONCATENATE("[""VXP""] = ",REPT(" ",4-LEN(X6)),TEXT(X6,"0"),"; ") -> ["VXP"] = 0; | Z6: =TEXT(G6,0) -> 0 | AA6: =CONCATENATE("[""LP""] = ",REPT(" ",2-LEN(Z6)),TEXT(Z6,"0"),"; ") -> ["LP"] = 0; | AB6: =TEXT(H6,0) -> 0 | AC6: =CONCATENATE("[""REP""] = ",REPT(" ",4-LEN(AB6)),TEXT(AB6,"0"),"; ") -> ["REP"] = 0; | AD6: =VLOOKUP(I6,Faction!A$2:B$77,2,FALSE) -> #N/A | AE6: =CONCATENATE("[""FACTION""] = ",TEXT(AD6,"0"),"; ") -> #N/A | AF6: =CONCATENATE("[""TIER""] = ",TEXT(L6,"0"),"; ") -> ["TIER"] = 0; | AG6: =CONCATENATE("[""NAME""] = { [""EN""] = """,B6,"""; }; ") -> ["NAME"] = { ["EN"] = ""; }; | AH6: =CONCATENATE("[""LORE""] = { [""EN""] = """,K6,"""; }; ") -> ["LORE"] = { ["EN"] = ""; }; | AI6: =CONCATENATE("[""SUMMARY""] = { [""EN""] = """,J6,"""; }; ") -> ["SUMMARY"] = { ["EN"] = ""; }; | AJ6: =IF(LEN(F6)>0,CONCATENATE("[""TITLE""] = { [""EN""] = """,F6,"""; }; "),"") | AK6: =CONCATENATE("};") -> };
N7: =CONCATENATE(P7,Q7,S7,W7,Y7,AA7,AC7,AE7,AF7,AG7,AH7,AI7,AJ7,AK7) -> #N/A | O7: =ROW()-1 -> 6 | P7: =CONCATENATE(REPT(" ",3-LEN(O7)),"[",O7,"] = {") -> [6] = { | Q7: =IF(LEN(A7)>0,CONCATENATE("[""SAVE_INDEX""] = ",REPT(" ",3-LEN(A7)),A7,"; "),"") | R7: =VLOOKUP(C7,Type!A$2:B$17,2,FALSE) -> #N/A | S7: =CONCATENATE("[""TYPE""] = ",REPT(" ",2-LEN(R7)),R7,"; ") -> #N/A | T7: =IF(AND(C7="Class",NOT(ISBLANK(D7))),VLOOKUP(D7,Class!A$1:B$9,2,FALSE),"") | U7: =IF(AND(C7="Vocation",NOT(ISBLANK(D7))),VLOOKUP(D7,Vocation!A$1:B$8,2,FALSE),"") | V7: =IF( LEN(T7)=0, IF( LEN(U7)=0, " 0", CONCATENATE(REPT(" ",Vocation!B$12-LEN(U7)),U7)), CONCATENATE(REPT(" ",Vocation!B$12-LEN(T7)),T7)) -> 0 | W7: =CONCATENATE("[""SUBTYPE""] = ",V7,"; ") -> ["SUBTYPE"] = 0; | X7: =TEXT(E7,0) -> 0 | Y7: =CONCATENATE("[""VXP""] = ",REPT(" ",4-LEN(X7)),TEXT(X7,"0"),"; ") -> ["VXP"] = 0; | Z7: =TEXT(G7,0) -> 0 | AA7: =CONCATENATE("[""LP""] = ",REPT(" ",2-LEN(Z7)),TEXT(Z7,"0"),"; ") -> ["LP"] = 0; | AB7: =TEXT(H7,0) -> 0 | AC7: =CONCATENATE("[""REP""] = ",REPT(" ",4-LEN(AB7)),TEXT(AB7,"0"),"; ") -> ["REP"] = 0; | AD7: =VLOOKUP(I7,Faction!A$2:B$77,2,FALSE) -> #N/A | AE7: =CONCATENATE("[""FACTION""] = ",TEXT(AD7,"0"),"; ") -> #N/A | AF7: =CONCATENATE("[""TIER""] = ",TEXT(L7,"0"),"; ") -> ["TIER"] = 0; | AG7: =CONCATENATE("[""NAME""] = { [""EN""] = """,B7,"""; }; ") -> ["NAME"] = { ["EN"] = ""; }; | AH7: =CONCATENATE("[""LORE""] = { [""EN""] = """,K7,"""; }; ") -> ["LORE"] = { ["EN"] = ""; }; | AI7: =CONCATENATE("[""SUMMARY""] = { [""EN""] = """,J7,"""; }; ") -> ["SUMMARY"] = { ["EN"] = ""; }; | AJ7: =IF(LEN(F7)>0,CONCATENATE("[""TITLE""] = { [""EN""] = """,F7,"""; }; "),"") | AK7: =CONCATENATE("};") -> };
N8: =CONCATENATE(P8,Q8,S8,W8,Y8,AA8,AC8,AE8,AF8,AG8,AH8,AI8,AJ8,AK8) -> #N/A | O8: =ROW()-1 -> 7 | P8: =CONCATENATE(REPT(" ",3-LEN(O8)),"[",O8,"] = {") -> [7] = { | Q8: =IF(LEN(A8)>0,CONCATENATE("[""SAVE_INDEX""] = ",REPT(" ",3-LEN(A8)),A8,"; "),"") | R8: =VLOOKUP(C8,Type!A$2:B$17,2,FALSE) -> #N/A | S8: =CONCATENATE("[""TYPE""] = ",REPT(" ",2-LEN(R8)),R8,"; ") -> #N/A | T8: =IF(AND(C8="Class",NOT(ISBLANK(D8))),VLOOKUP(D8,Class!A$1:B$9,2,FALSE),"") | U8: =IF(AND(C8="Vocation",NOT(ISBLANK(D8))),VLOOKUP(D8,Vocation!A$1:B$8,2,FALSE),"") | V8: =IF( LEN(T8)=0, IF( LEN(U8)=0, " 0", CONCATENATE(REPT(" ",Vocation!B$12-LEN(U8)),U8)), CONCATENATE(REPT(" ",Vocation!B$12-LEN(T8)),T8)) -> 0 | W8: =CONCATENATE("[""SUBTYPE""] = ",V8,"; ") -> ["SUBTYPE"] = 0; | X8: =TEXT(E8,0) -> 0 | Y8: =CONCATENATE("[""VXP""] = ",REPT(" ",4-LEN(X8)),TEXT(X8,"0"),"; ") -> ["VXP"] = 0; | Z8: =TEXT(G8,0) -> 0 | AA8: =CONCATENATE("[""LP""] = ",REPT(" ",2-LEN(Z8)),TEXT(Z8,"0"),"; ") -> ["LP"] = 0; | AB8: =TEXT(H8,0) -> 0 | AC8: =CONCATENATE("[""REP""] = ",REPT(" ",4-LEN(AB8)),TEXT(AB8,"0"),"; ") -> ["REP"] = 0; | AD8: =VLOOKUP(I8,Faction!A$2:B$77,2,FALSE) -> #N/A | AE8: =CONCATENATE("[""FACTION""] = ",TEXT(AD8,"0"),"; ") -> #N/A | AF8: =CONCATENATE("[""TIER""] = ",TEXT(L8,"0"),"; ") -> ["TIER"] = 0; | AG8: =CONCATENATE("[""NAME""] = { [""EN""] = """,B8,"""; }; ") -> ["NAME"] = { ["EN"] = ""; }; | AH8: =CONCATENATE("[""LORE""] = { [""EN""] = """,K8,"""; }; ") -> ["LORE"] = { ["EN"] = ""; }; | AI8: =CONCATENATE("[""SUMMARY""] = { [""EN""] = """,J8,"""; }; ") -> ["SUMMARY"] = { ["EN"] = ""; }; | AJ8: =IF(LEN(F8)>0,CONCATENATE("[""TITLE""] = { [""EN""] = """,F8,"""; }; "),"") | AK8: =CONCATENATE("};") -> };
N9: =CONCATENATE(P9,Q9,S9,W9,Y9,AA9,AC9,AE9,AF9,AG9,AH9,AI9,AJ9,AK9) -> #N/A | O9: =ROW()-1 -> 8 | P9: =CONCATENATE(REPT(" ",3-LEN(O9)),"[",O9,"] = {") -> [8] = { | Q9: =IF(LEN(A9)>0,CONCATENATE("[""SAVE_INDEX""] = ",REPT(" ",3-LEN(A9)),A9,"; "),"") | R9: =VLOOKUP(C9,Type!A$2:B$17,2,FALSE) -> #N/A | S9: =CONCATENATE("[""TYPE""] = ",REPT(" ",2-LEN(R9)),R9,"; ") -> #N/A | T9: =IF(AND(C9="Class",NOT(ISBLANK(D9))),VLOOKUP(D9,Class!A$1:B$9,2,FALSE),"") | U9: =IF(AND(C9="Vocation",NOT(ISBLANK(D9))),VLOOKUP(D9,Vocation!A$1:B$8,2,FALSE),"") | V9: =IF( LEN(T9)=0, IF( LEN(U9)=0, " 0", CONCATENATE(REPT(" ",Vocation!B$12-LEN(U9)),U9)), CONCATENATE(REPT(" ",Vocation!B$12-LEN(T9)),T9)) -> 0 | W9: =CONCATENATE("[""SUBTYPE""] = ",V9,"; ") -> ["SUBTYPE"] = 0; | X9: =TEXT(E9,0) -> 0 | Y9: =CONCATENATE("[""VXP""] = ",REPT(" ",4-LEN(X9)),TEXT(X9,"0"),"; ") -> ["VXP"] = 0; | Z9: =TEXT(G9,0) -> 0 | AA9: =CONCATENATE("[""LP""] = ",REPT(" ",2-LEN(Z9)),TEXT(Z9,"0"),"; ") -> ["LP"] = 0; | AB9: =TEXT(H9,0) -> 0 | AC9: =CONCATENATE("[""REP""] = ",REPT(" ",4-LEN(AB9)),TEXT(AB9,"0"),"; ") -> ["REP"] = 0; | AD9: =VLOOKUP(I9,Faction!A$2:B$77,2,FALSE) -> #N/A | AE9: =CONCATENATE("[""FACTION""] = ",TEXT(AD9,"0"),"; ") -> #N/A | AF9: =CONCATENATE("[""TIER""] = ",TEXT(L9,"0"),"; ") -> ["TIER"] = 0; | AG9: =CONCATENATE("[""NAME""] = { [""EN""] = """,B9,"""; }; ") -> ["NAME"] = { ["EN"] = ""; }; | AH9: =CONCATENATE("[""LORE""] = { [""EN""] = """,K9,"""; }; ") -> ["LORE"] = { ["EN"] = ""; }; | AI9: =CONCATENATE("[""SUMMARY""] = { [""EN""] = """,J9,"""; }; ") -> ["SUMMARY"] = { ["EN"] = ""; }; | AJ9: =IF(LEN(F9)>0,CONCATENATE("[""TITLE""] = { [""EN""] = """,F9,"""; }; "),"") | AK9: =CONCATENATE("};") -> };
N10: =CONCATENATE(P10,Q10,S10,W10,Y10,AA10,AC10,AE10,AF10,AG10,AH10,AI10,AJ10,AK10) -> #N/A | O10: =ROW()-1 -> 9 | P10: =CONCATENATE(REPT(" ",3-LEN(O10)),"[",O10,"] = {") -> [9] = { | Q10: =IF(LEN(A10)>0,CONCATENATE("[""SAVE_INDEX""] = ",REPT(" ",3-LEN(A10)),A10,"; "),"") | R10: =VLOOKUP(C10,Type!A$2:B$17,2,FALSE) -> #N/A | S10: =CONCATENATE("[""TYPE""] = ",REPT(" ",2-LEN(R10)),R10,"; ") -> #N/A | T10: =IF(AND(C10="Class",NOT(ISBLANK(D10))),VLOOKUP(D10,Class!A$1:B$9,2,FALSE),"") | U10: =IF(AND(C10="Vocation",NOT(ISBLANK(D10))),VLOOKUP(D10,Vocation!A$1:B$8,2,FALSE),"") | V10: =IF( LEN(T10)=0, IF( LEN(U10)=0, " 0", CONCATENATE(REPT(" ",Vocation!B$12-LEN(U10)),U10)), CONCATENATE(REPT(" ",Vocation!B$12-LEN(T10)),T10)) -> 0 | W10: =CONCATENATE("[""SUBTYPE""] = ",V10,"; ") -> ["SUBTYPE"] = 0; | X10: =TEXT(E10,0) -> 0 | Y10: =CONCATENATE("[""VXP""] = ",REPT(" ",4-LEN(X10)),TEXT(X10,"0"),"; ") -> ["VXP"] = 0; | Z10: =TEXT(G10,0) -> 0 | AA10: =CONCATENATE("[""LP""] = ",REPT(" ",2-LEN(Z10)),TEXT(Z10,"0"),"; ") -> ["LP"] = 0; | AB10: =TEXT(H10,0) -> 0 | AC10: =CONCATENATE("[""REP""] = ",REPT(" ",4-LEN(AB10)),TEXT(AB10,"0"),"; ") -> ["REP"] = 0; | AD10: =VLOOKUP(I10,Faction!A$2:B$77,2,FALSE) -> #N/A | AE10: =CONCATENATE("[""FACTION""] = ",TEXT(AD10,"0"),"; ") -> #N/A | AF10: =CONCATENATE("[""TIER""] = ",TEXT(L10,"0"),"; ") -> ["TIER"] = 0; | AG10: =CONCATENATE("[""NAME""] = { [""EN""] = """,B10,"""; }; ") -> ["NAME"] = { ["EN"] = ""; }; | AH10: =CONCATENATE("[""LORE""] = { [""EN""] = """,K10,"""; }; ") -> ["LORE"] = { ["EN"] = ""; }; | AI10: =CONCATENATE("[""SUMMARY""] = { [""EN""] = """,J10,"""; }; ") -> ["SUMMARY"] = { ["EN"] = ""; }; | AJ10: =IF(LEN(F10)>0,CONCATENATE("[""TITLE""] = { [""EN""] = """,F10,"""; }; "),"") | AK10: =CONCATENATE("};") -> };
N11: =CONCATENATE(P11,Q11,S11,W11,Y11,AA11,AC11,AE11,AF11,AG11,AH11,AI11,AJ11,AK11) -> #N/A | O11: =ROW()-1 -> 10 | P11: =CONCATENATE(REPT(" ",3-LEN(O11)),"[",O11,"] = {") -> [10] = { | Q11: =IF(LEN(A11)>0,CONCATENATE("[""SAVE_INDEX""] = ",REPT(" ",3-LEN(A11)),A11,"; "),"") | R11: =VLOOKUP(C11,Type!A$2:B$17,2,FALSE) -> #N/A | S11: =CONCATENATE("[""TYPE""] = ",REPT(" ",2-LEN(R11)),R11,"; ") -> #N/A | T11: =IF(AND(C11="Class",NOT(ISBLANK(D11))),VLOOKUP(D11,Class!A$1:B$9,2,FALSE),"") | U11: =IF(AND(C11="Vocation",NOT(ISBLANK(D11))),VLOOKUP(D11,Vocation!A$1:B$8,2,FALSE),"") | V11: =IF( LEN(T11)=0, IF( LEN(U11)=0, " 0", CONCATENATE(REPT(" ",Vocation!B$12-LEN(U11)),U11)), CONCATENATE(REPT(" ",Vocation!B$12-LEN(T11)),T11)) -> 0 | W11: =CONCATENATE("[""SUBTYPE""] = ",V11,"; ") -> ["SUBTYPE"] = 0; | X11: =TEXT(E11,0) -> 0 | Y11: =CONCATENATE("[""VXP""] = ",REPT(" ",4-LEN(X11)),TEXT(X11,"0"),"; ") -> ["VXP"] = 0; | Z11: =TEXT(G11,0) -> 0 | AA11: =CONCATENATE("[""LP""] = ",REPT(" ",2-LEN(Z11)),TEXT(Z11,"0"),"; ") -> ["LP"] = 0; | AB11: =TEXT(H11,0) -> 0 | AC11: =CONCATENATE("[""REP""] = ",REPT(" ",4-LEN(AB11)),TEXT(AB11,"0"),"; ") -> ["REP"] = 0; | AD11: =VLOOKUP(I11,Faction!A$2:B$77,2,FALSE) -> #N/A | AE11: =CONCATENATE("[""FACTION""] = ",TEXT(AD11,"0"),"; ") -> #N/A | AF11: =CONCATENATE("[""TIER""] = ",TEXT(L11,"0"),"; ") -> ["TIER"] = 0; | AG11: =CONCATENATE("[""NAME""] = { [""EN""] = """,B11,"""; }; ") -> ["NAME"] = { ["EN"] = ""; }; | AH11: =CONCATENATE("[""LORE""] = { [""EN""] = """,K11,"""; }; ") -> ["LORE"] = { ["EN"] = ""; }; | AI11: =CONCATENATE("[""SUMMARY""] = { [""EN""] = """,J11,"""; }; ") -> ["SUMMARY"] = { ["EN"] = ""; }; | AJ11: =IF(LEN(F11)>0,CONCATENATE("[""TITLE""] = { [""EN""] = """,F11,"""; }; "),"") | AK11: =CONCATENATE("};") -> };
N12: =CONCATENATE(P12,Q12,S12,W12,Y12,AA12,AC12,AE12,AF12,AG12,AH12,AI12,AJ12,AK12) -> #N/A | O12: =ROW()-1 -> 11 | P12: =CONCATENATE(REPT(" ",3-LEN(O12)),"[",O12,"] = {") -> [11] = { | Q12: =IF(LEN(A12)>0,CONCATENATE("[""SAVE_INDEX""] = ",REPT(" ",3-LEN(A12)),A12,"; "),"") | R12: =VLOOKUP(C12,Type!A$2:B$17,2,FALSE) -> #N/A | S12: =CONCATENATE("[""TYPE""] = ",REPT(" ",2-LEN(R12)),R12,"; ") -> #N/A | T12: =IF(AND(C12="Class",NOT(ISBLANK(D12))),VLOOKUP(D12,Class!A$1:B$9,2,FALSE),"") | U12: =IF(AND(C12="Vocation",NOT(ISBLANK(D12))),VLOOKUP(D12,Vocation!A$1:B$8,2,FALSE),"") | V12: =IF( LEN(T12)=0, IF( LEN(U12)=0, " 0", CONCATENATE(REPT(" ",Vocation!B$12-LEN(U12)),U12)), CONCATENATE(REPT(" ",Vocation!B$12-LEN(T12)),T12)) -> 0 | W12: =CONCATENATE("[""SUBTYPE""] = ",V12,"; ") -> ["SUBTYPE"] = 0; | X12: =TEXT(E12,0) -> 0 | Y12: =CONCATENATE("[""VXP""] = ",REPT(" ",4-LEN(X12)),TEXT(X12,"0"),"; ") -> ["VXP"] = 0; | Z12: =TEXT(G12,0) -> 0 | AA12: =CONCATENATE("[""LP""] = ",REPT(" ",2-LEN(Z12)),TEXT(Z12,"0"),"; ") -> ["LP"] = 0; | AB12: =TEXT(H12,0) -> 0 | AC12: =CONCATENATE("[""REP""] = ",REPT(" ",4-LEN(AB12)),TEXT(AB12,"0"),"; ") -> ["REP"] = 0; | AD12: =VLOOKUP(I12,Faction!A$2:B$77,2,FALSE) -> #N/A | AE12: =CONCATENATE("[""FACTION""] = ",TEXT(AD12,"0"),"; ") -> #N/A | AF12: =CONCATENATE("[""TIER""] = ",TEXT(L12,"0"),"; ") -> ["TIER"] = 0; | AG12: =CONCATENATE("[""NAME""] = { [""EN""] = """,B12,"""; }; ") -> ["NAME"] = { ["EN"] = ""; }; | AH12: =CONCATENATE("[""LORE""] = { [""EN""] = """,K12,"""; }; ") -> ["LORE"] = { ["EN"] = ""; }; | AI12: =CONCATENATE("[""SUMMARY""] = { [""EN""] = """,J12,"""; }; ") -> ["SUMMARY"] = { ["EN"] = ""; }; | AJ12: =IF(LEN(F12)>0,CONCATENATE("[""TITLE""] = { [""EN""] = """,F12,"""; }; "),"") | AK12: =CONCATENATE("};") -> };
N13: =CONCATENATE(P13,Q13,S13,W13,Y13,AA13,AC13,AE13,AF13,AG13,AH13,AI13,AJ13,AK13) -> #N/A | O13: =ROW()-1 -> 12 | P13: =CONCATENATE(REPT(" ",3-LEN(O13)),"[",O13,"] = {") -> [12] = { | Q13: =IF(LEN(A13)>0,CONCATENATE("[""SAVE_INDEX""] = ",REPT(" ",3-LEN(A13)),A13,"; "),"") | R13: =VLOOKUP(C13,Type!A$2:B$17,2,FALSE) -> #N/A | S13: =CONCATENATE("[""TYPE""] = ",REPT(" ",2-LEN(R13)),R13,"; ") -> #N/A | T13: =IF(AND(C13="Class",NOT(ISBLANK(D13))),VLOOKUP(D13,Class!A$1:B$9,2,FALSE),"") | U13: =IF(AND(C13="Vocation",NOT(ISBLANK(D13))),VLOOKUP(D13,Vocation!A$1:B$8,2,FALSE),"") | V13: =IF( LEN(T13)=0, IF( LEN(U13)=0, " 0", CONCATENATE(REPT(" ",Vocation!B$12-LEN(U13)),U13)), CONCATENATE(REPT(" ",Vocation!B$12-LEN(T13)),T13)) -> 0 | W13: =CONCATENATE("[""SUBTYPE""] = ",V13,"; ") -> ["SUBTYPE"] = 0; | X13: =TEXT(E13,0) -> 0 | Y13: =CONCATENATE("[""VXP""] = ",REPT(" ",4-LEN(X13)),TEXT(X13,"0"),"; ") -> ["VXP"] = 0; | Z13: =TEXT(G13,0) -> 0 | AA13: =CONCATENATE("[""LP""] = ",REPT(" ",2-LEN(Z13)),TEXT(Z13,"0"),"; ") -> ["LP"] = 0; | AB13: =TEXT(H13,0) -> 0 | AC13: =CONCATENATE("[""REP""] = ",REPT(" ",4-LEN(AB13)),TEXT(AB13,"0"),"; ") -> ["REP"] = 0; | AD13: =VLOOKUP(I13,Faction!A$2:B$77,2,FALSE) -> #N/A | AE13: =CONCATENATE("[""FACTION""] = ",TEXT(AD13,"0"),"; ") -> #N/A | AF13: =CONCATENATE("[""TIER""] = ",TEXT(L13,"0"),"; ") -> ["TIER"] = 0; | AG13: =CONCATENATE("[""NAME""] = { [""EN""] = """,B13,"""; }; ") -> ["NAME"] = { ["EN"] = ""; }; | AH13: =CONCATENATE("[""LORE""] = { [""EN""] = """,K13,"""; }; ") -> ["LORE"] = { ["EN"] = ""; }; | AI13: =CONCATENATE("[""SUMMARY""] = { [""EN""] = """,J13,"""; }; ") -> ["SUMMARY"] = { ["EN"] = ""; }; | AJ13: =IF(LEN(F13)>0,CONCATENATE("[""TITLE""] = { [""EN""] = """,F13,"""; }; "),"") | AK13: =CONCATENATE("};") -> };
N14: =CONCATENATE(P14,Q14,S14,W14,Y14,AA14,AC14,AE14,AF14,AG14,AH14,AI14,AJ14,AK14) -> #N/A | O14: =ROW()-1 -> 13 | P14: =CONCATENATE(REPT(" ",3-LEN(O14)),"[",O14,"] = {") -> [13] = { | Q14: =IF(LEN(A14)>0,CONCATENATE("[""SAVE_INDEX""] = ",REPT(" ",3-LEN(A14)),A14,"; "),"") | R14: =VLOOKUP(C14,Type!A$2:B$17,2,FALSE) -> #N/A | S14: =CONCATENATE("[""TYPE""] = ",REPT(" ",2-LEN(R14)),R14,"; ") -> #N/A | T14: =IF(AND(C14="Class",NOT(ISBLANK(D14))),VLOOKUP(D14,Class!A$1:B$9,2,FALSE),"") | U14: =IF(AND(C14="Vocation",NOT(ISBLANK(D14))),VLOOKUP(D14,Vocation!A$1:B$8,2,FALSE),"") | V14: =IF( LEN(T14)=0, IF( LEN(U14)=0, " 0", CONCATENATE(REPT(" ",Vocation!B$12-LEN(U14)),U14)), CONCATENATE(REPT(" ",Vocation!B$12-LEN(T14)),T14)) -> 0 | W14: =CONCATENATE("[""SUBTYPE""] = ",V14,"; ") -> ["SUBTYPE"] = 0; | X14: =TEXT(E14,0) -> 0 | Y14: =CONCATENATE("[""VXP""] = ",REPT(" ",4-LEN(X14)),TEXT(X14,"0"),"; ") -> ["VXP"] = 0; | Z14: =TEXT(G14,0) -> 0 | AA14: =CONCATENATE("[""LP""] = ",REPT(" ",2-LEN(Z14)),TEXT(Z14,"0"),"; ") -> ["LP"] = 0; | AB14: =TEXT(H14,0) -> 0 | AC14: =CONCATENATE("[""REP""] = ",REPT(" ",4-LEN(AB14)),TEXT(AB14,"0"),"; ") -> ["REP"] = 0; | AD14: =VLOOKUP(I14,Faction!A$2:B$77,2,FALSE) -> #N/A | AE14: =CONCATENATE("[""FACTION""] = ",TEXT(AD14,"0"),"; ") -> #N/A | AF14: =CONCATENATE("[""TIER""] = ",TEXT(L14,"0"),"; ") -> ["TIER"] = 0; | AG14: =CONCATENATE("[""NAME""] = { [""EN""] = """,B14,"""; }; ") -> ["NAME"] = { ["EN"] = ""; }; | AH14: =CONCATENATE("[""LORE""] = { [""EN""] = """,K14,"""; }; ") -> ["LORE"] = { ["EN"] = ""; }; | AI14: =CONCATENATE("[""SUMMARY""] = { [""EN""] = """,J14,"""; }; ") -> ["SUMMARY"] = { ["EN"] = ""; }; | AJ14: =IF(LEN(F14)>0,CONCATENATE("[""TITLE""] = { [""EN""] = """,F14,"""; }; "),"") | AK14: =CONCATENATE("};") -> };
... N36: =CONCATENATE(P36,Q36,S36,W36,Y36,AA36,AC36,AE36,AF36,AG36,AH36,AI36,AJ36,AK36) -> #N/A | O36: =ROW()-1 -> 35 | P36: =CONCATENATE(REPT(" ",3-LEN(O36)),"[",O36,"] = {") -> [35] = { | Q36: =IF(LEN(A36)>0,CONCATENATE("[""SAVE_INDEX""] = ",REPT(" ",3-LEN(A36)),A36,"; "),"") | R36: =VLOOKUP(C36,Type!A$2:B$17,2,FALSE) -> #N/A | S36: =CONCATENATE("[""TYPE""] = ",REPT(" ",2-LEN(R36)),R36,"; ") -> #N/A | T36: =IF(AND(C36="Class",NOT(ISBLANK(D36))),VLOOKUP(D36,Class!A$1:B$9,2,FALSE),"") | U36: =IF(AND(C36="Vocation",NOT(ISBLANK(D36))),VLOOKUP(D36,Vocation!A$1:B$8,2,FALSE),"") | V36: =IF( LEN(T36)=0, IF( LEN(U36)=0, " 0", CONCATENATE(REPT(" ",Vocation!B$12-LEN(U36)),U36)), CONCATENATE(REPT(" ",Vocation!B$12-LEN(T36)),T36)) -> 0 | W36: =CONCATENATE("[""SUBTYPE""] = ",V36,"; ") -> ["SUBTYPE"] = 0; | X36: =TEXT(E36,0) -> 0 | Y36: =CONCATENATE("[""VXP""] = ",REPT(" ",4-LEN(X36)),TEXT(X36,"0"),"; ") -> ["VXP"] = 0; | Z36: =TEXT(G36,0) -> 0 | AA36: =CONCATENATE("[""LP""] = ",REPT(" ",2-LEN(Z36)),TEXT(Z36,"0"),"; ") -> ["LP"] = 0; | AB36: =TEXT(H36,0) -> 0 | AC36: =CONCATENATE("[""REP""] = ",REPT(" ",4-LEN(AB36)),TEXT(AB36,"0"),"; ") -> ["REP"] = 0; | AD36: =VLOOKUP(I36,Faction!A$2:B$77,2,FALSE) -> #N/A | AE36: =CONCATENATE("[""FACTION""] = ",TEXT(AD36,"0"),"; ") -> #N/A | AF36: =CONCATENATE("[""TIER""] = ",TEXT(L36,"0"),"; ") -> ["TIER"] = 0; | AG36: =CONCATENATE("[""NAME""] = { [""EN""] = """,B36,"""; }; ") -> ["NAME"] = { ["EN"] = ""; }; | AH36: =CONCATENATE("[""LORE""] = { [""EN""] = """,K36,"""; }; ") -> ["LORE"] = { ["EN"] = ""; }; | AI36: =CONCATENATE("[""SUMMARY""] = { [""EN""] = """,J36,"""; }; ") -> ["SUMMARY"] = { ["EN"] = ""; }; | AJ36: =IF(LEN(F36)>0,CONCATENATE("[""TITLE""] = { [""EN""] = """,F36,"""; }; "),"") | AK36: =CONCATENATE("};") -> };
